name,address,city,state,zip_code,country,phone,website,email,latitude,longitude,shop_type,opening_hours,description,recycling_type,recycling_materials,accepts_cash,accepts_cards,wheelchair_access,industrial_use,craft_type,source,osm_id,osm_type,scraped_at,metal_types_detected,services_detected
Skyscrapers,,,,,US,,,,41.9748011,-87.8983368,restaurant,,,,,,,,,,OpenStreetMap Enhanced,2322673349,node,2025-07-07T00:41:42.707156,[],[]
Recycling Drop-Off Center,,,,,US,,,,41.9024101,-87.6552855,recycling,,,,,,,,,,OpenStreetMap Enhanced,3992997270,node,2025-07-07T00:41:42.707156,[],[]
Abitibi Paper Retriever,,,,,US,,,,41.9696743,-87.7740326,recycling,,,container,,,,,,,OpenStreetMap Enhanced,4201176839,node,2025-07-07T00:41:42.707156,[],[]
Clark & Drummond,,,,,US,,,,41.9307693,-87.6440377,waste_disposal,,,,,,,,,,OpenStreetMap Enhanced,4452658759,node,2025-07-07T00:41:42.707156,[],[]
Why Not Iron,4425 West Kinzie Street,Chicago,IL,60624,US,,https://whynotiron.com/,,41.8874742,-87.7364806,,,,,,,,,,metal_construction,OpenStreetMap Enhanced,5379748820,node,2025-07-07T00:41:42.707156,"['steel', 'titanium', 'aluminum']",[]
"Construction Partners, Inc.",,,,,US,,http://cpichicago.com/,,41.805761,-87.8442683,,,,,,,,,,metal_construction,OpenStreetMap Enhanced,9511674224,node,2025-07-07T00:41:42.707156,"['titanium', 'aluminum']",[]
Nick's,,,,,US,,,,41.8058262,-87.8508154,,,,,,,,,,metal_construction,OpenStreetMap Enhanced,9511674228,node,2025-07-07T00:41:42.707156,"['titanium', 'aluminum', 'nickel']",[]
Powder Coating,9436 47th Street,Brookfield,IL,60513,US,,https://www.powdercoatingspecialists.com/,,41.8055234,-87.8563317,,,,,,,,,,metal_construction,OpenStreetMap Enhanced,9511674238,node,2025-07-07T00:41:42.707156,"['titanium', 'aluminum', 'tin']",[]
Lakeshore Recycling,,,,,US,,,,41.8576144,-87.6290066,waste_disposal,,,,,,,,,,OpenStreetMap Enhanced,10831189771,node,2025-07-07T00:41:42.707156,[],[]
flag,,,,,US,,,,42.0136399,-87.7895639,recycling,,,container,,,,,,,OpenStreetMap Enhanced,12068455437,node,2025-07-07T00:41:42.707156,[],[]
The Salvation Army,,,,,US,,,,41.9231104,-87.6679171,recycling,,,container,,,,,,,OpenStreetMap Enhanced,12212653147,node,2025-07-07T00:41:42.707156,"['titanium', 'aluminum']",[]
BigBelly,,,,,US,,,,41.9140512,-87.7050468,recycling,,,container,,,,,,,OpenStreetMap Enhanced,12250753095,node,2025-07-07T00:41:42.707156,[],[]
Park Ridge,,,,,US,,https://www.parkridge.us/sustainability_commission/composting.php,,42.0107341,-87.8321526,recycling,,,container,,,,,,,OpenStreetMap Enhanced,12979120235,node,2025-07-07T00:41:42.708156,[],[]
Household Chemicals & Computer Recycling Facility,1140 North North Branch Street,Chicago,IL,60642,US,,https://www.chicago.gov/city/en/depts/cdph/supp_info/Environment/hccrf.html,,41.9024436,-87.655515,recycling,Tu 07:00-12:00; Th 14:00-19:00; Sa[1] 08:00-15:00,,centre,,,,,,,OpenStreetMap Enhanced,47093790,way,2025-07-07T00:41:42.708156,['aluminum'],[]
Chicago Wire Design Co.,1750 North Kimball Avenue,Chicago,IL,60647,US,,,,41.9133111,-87.7122374,,,,,,,,,,metal_construction,OpenStreetMap Enhanced,163883105,way,2025-07-07T00:41:42.708156,"['titanium', 'aluminum', 'wire']",[]
SIMS Metal Management,2301 South Paulina Street,Chicago,IL,60608,US,,,,41.8501717,-87.6680191,recycling,,,centre,,,,,,,OpenStreetMap Enhanced,209786235,way,2025-07-07T00:41:42.708156,['aluminum'],[]
Republic Recyling Loop Center,2325 South Laflin Street,Chicago,IL,60608,US,,,,41.8493749,-87.6629573,recycling,,,centre,,,,,,,OpenStreetMap Enhanced,209786453,way,2025-07-07T00:41:42.708156,[],[]
Republic Loop Paper Recyling,2411-2427 South Laflin Street,Chicago,IL,60608,US,,,,41.8481619,-87.663044,recycling,,,centre,,,,,,,OpenStreetMap Enhanced,209786543,way,2025-07-07T00:41:42.708156,[],[]
SIMS,2539 South Wood Street,Chicago,IL,60608,US,,,,41.8455955,-87.6702889,recycling,,,centre,,,,,,,OpenStreetMap Enhanced,209786621,way,2025-07-07T00:41:42.708156,[],[]
Sims Metal Management,,,,,US,,,,41.8456046,-87.6701057,recycling,,,,,,,,,,OpenStreetMap Enhanced,405740605,way,2025-07-07T00:41:42.708156,['aluminum'],[]
Bridgeport Metals,,,,,US,,,,41.8250316,-87.6565342,recycling,,,,,,,,,,OpenStreetMap Enhanced,411801291,way,2025-07-07T00:41:42.708156,['aluminum'],[]
Recycling Center,,,,,US,,,,41.8762315,-87.8295914,recycling,,,centre,,,,,,,OpenStreetMap Enhanced,449028869,way,2025-07-07T00:41:42.708156,[],[]
"Advance Products, Inc.",140 State Street,Calumet City,IL,60409,US,+1-708-832-1111,http://www.advanceproductinc.com/,,41.6230083,-87.527869,,,,,,,,,,metal_construction,OpenStreetMap Enhanced,779007063,way,2025-07-07T00:41:42.708156,"['titanium', 'aluminum']",[]
Materials Recycling and Recovery Facility - Mendall,,,,,US,,,,41.9233336,-87.6698059,recycling,,,centre,,,,,,,OpenStreetMap Enhanced,18108368,relation,2025-07-07T00:41:42.708156,['aluminum'],[]
Waste Management,,,,,US,,,,42.4090547,-83.2368005,waste_disposal,,,,,,,,,,OpenStreetMap Enhanced,7742061712,node,2025-07-07T00:41:53.782795,[],[]
Recycle Here!,5960 Lincoln Street,Detroit,MI,48202,US,,,,42.3618891,-83.0827687,recycling,"Mo,We 10:00-18:00; Sa 09:00-15:00",,centre,,,,,,,OpenStreetMap Enhanced,9101496601,node,2025-07-07T00:41:53.782795,[],[]
Windsor Barrel & Drum Co. Inc.,2215 Janette Avenue,Windsor,,N8X 1Z9,US,+1-519-253-4887,https://windsorbarrelanddrumcoinc.com,,42.2920471,-83.0306253,,Mo-Fr 7:00-16:00,"Metal Barrels in Windsor, ON",,,,,,,metal_construction,OpenStreetMap Enhanced,9869620157,node,2025-07-07T00:41:53.782795,"['titanium', 'aluminum']",[]
Klassen Custom Fabricating Inc.,5140 Ure Street,Oldcastle,,N0R 1L0,US,(519) 737-6631,https://klassenfab.com,,42.2377952,-82.952495,,"Mon-thur-7am - 5Pm,Fri: 7am -3:30Pm","Our highly skilled work force will design, co-ordinate, fabricate and install your next steel project to meet customer requirements.",,,,,,,metal_construction,OpenStreetMap Enhanced,12651855161,node,2025-07-07T00:41:53.782795,"['aluminum', 'steel', 'stainless_steel', 'tin', 'copper', 'titanium']",[]
Detroit Iron & Metal,8350 Dix Avenue,Detroit,MI,48209,US,,,,42.3166904,-83.1361076,scrap_yard,,,,,,,,scrap_yard,,OpenStreetMap Enhanced,163003419,way,2025-07-07T00:41:53.782795,"['steel', 'aluminum']",[]
Zalev's Scrapyard,100 Grand Marais Road East,Windsor,,N9A 6N5,US,,,,42.2796627,-83.0144327,scrap_yard,,,,,,,,scrap_yard,,OpenStreetMap Enhanced,167711055,way,2025-07-07T00:41:53.782795,['aluminum'],[]
Danny's Used Auto Parts,14201 Schaefer Highway,Detroit,MI,48227,US,,,,42.3899773,-83.1803751,scrap_yard,,,,,,,,scrap_yard,,OpenStreetMap Enhanced,226904732,way,2025-07-07T00:41:53.782795,[],[]
Davison Auto Parts,5625 East Davison Street,Detroit,MI,48212,US,,,,42.4217905,-83.0466249,scrap_yard,,,,,,,,scrap_yard,,OpenStreetMap Enhanced,493841996,way,2025-07-07T00:41:53.782795,[],[]
Ferrous Processing and Trading Kronk,9100 John Kronk Street,Detroit,MI,48210,US,,,,42.3226104,-83.1470229,scrap_yard,,,,,,,,scrap_yard,,OpenStreetMap Enhanced,493918415,way,2025-07-07T00:41:53.782795,['stainless_steel'],['processing']
Pick-A-Part Salvage Yard,7800 Dix Street,Detroit,MI,48209,US,,,,42.3187778,-83.1324346,scrap_yard,,,,,,,,scrap_yard,,OpenStreetMap Enhanced,555498231,way,2025-07-07T00:41:53.782795,['aluminum'],[]
Central Avenue Auto Parts,3022 Central Avenue,Detroit,MI,48209,US,,,,42.3197387,-83.1281732,scrap_yard,,,,,,,,scrap_yard,,OpenStreetMap Enhanced,555498232,way,2025-07-07T00:41:53.782795,['aluminum'],[]
7-D's Towing,,,,,US,,,,42.4254868,-83.0477277,scrap_yard,,,,,,,,scrap_yard,,OpenStreetMap Enhanced,556886925,way,2025-07-07T00:41:53.782795,[],[]
Ryan's Hubbell Auto Parts,9309 Hubbell Street,Detroit,MI,,US,,,,42.3621707,-83.1895051,scrap_yard,,,,,,,,scrap_yard,,OpenStreetMap Enhanced,557154741,way,2025-07-07T00:41:53.782795,[],[]
Demmy Auto,7780 Majestic Street,Detroit,MI,48210,US,,,,42.346448,-83.1469302,scrap_yard,,,,,,,,scrap_yard,,OpenStreetMap Enhanced,560390242,way,2025-07-07T00:41:53.782795,[],[]
Ultimate Used Auto Parts,14100 Fullerton Street,Detroit,MI,48227,US,,,,42.3809362,-83.1840485,scrap_yard,,,,,,,,scrap_yard,,OpenStreetMap Enhanced,560394703,way,2025-07-07T00:41:53.782795,['titanium'],[]
Debay Impound Lot,14201 Joy Road,Detroit,MI,48228,US,,,,42.3565189,-83.1832649,scrap_yard,,,,,,,,scrap_yard,,OpenStreetMap Enhanced,560511464,way,2025-07-07T00:41:53.782795,[],[]
Airport Auto Sales & Service,10000 French Road,Detroit,MI,48213,US,,,,42.4020906,-83.0016018,scrap_yard,,,,,,,,scrap_yard,,OpenStreetMap Enhanced,560837284,way,2025-07-07T00:41:53.782795,['aluminum'],[]
One Stop Auto Parts,2550 East McNichols Road,Detroit,MI,48212,US,,,,42.4181787,-83.0765559,scrap_yard,,,,,,,,scrap_yard,,OpenStreetMap Enhanced,566884066,way,2025-07-07T00:41:53.782795,[],[]
Kings Auto Parts,1770 East McNichols Road,Detroit,MI,48212,US,,,,42.4176207,-83.084465,scrap_yard,,,,,,,,scrap_yard,,OpenStreetMap Enhanced,566884071,way,2025-07-07T00:41:53.782795,[],[]
K&J Used Auto Parts,8350 John Kronk Street,Detroit,MI,48210,US,,,,42.3213794,-83.1393355,scrap_yard,,,,,,,,scrap_yard,,OpenStreetMap Enhanced,568388046,way,2025-07-07T00:41:53.782795,[],[]
Strong Steel Products,6464 Strong Street,Detroit,MI,48211,US,,,,42.3842368,-83.0333877,scrap_yard,,,,,,,,scrap_yard,,OpenStreetMap Enhanced,568808118,way,2025-07-07T00:41:53.782795,['steel'],[]
Global Auto Parts,14420 Livernois Avenue,Detroit,MI,48238,US,,,,42.3948676,-83.1377494,scrap_yard,,,,,,,,scrap_yard,,OpenStreetMap Enhanced,569048274,way,2025-07-07T00:41:53.782795,['aluminum'],[]
Kimmel Scrap Iron & Metal,10571 West Grand River,Detroit,MI,48204,US,,,,42.3698302,-83.1485174,scrap_yard,,,,,,,,scrap_yard,,OpenStreetMap Enhanced,569468205,way,2025-07-07T00:41:53.782795,"['steel', 'aluminum']",[]
Charity Motors,,,,,US,,,,42.3703758,-83.1465235,scrap_yard,,,,,,,,scrap_yard,,OpenStreetMap Enhanced,569468206,way,2025-07-07T00:41:53.782795,[],[]
Auto Liquidation Inc.,10565 Grand River Avenue,Detroit,MI,48204,US,,,,42.3691203,-83.147544,scrap_yard,,,,,,,,scrap_yard,,OpenStreetMap Enhanced,569468219,way,2025-07-07T00:41:53.782795,['titanium'],[]
American Auto Recycling,8951 Alpine Street,Detroit,MI,48204,US,,,,42.3605374,-83.1478633,scrap_yard,,,,,,,,scrap_yard,,OpenStreetMap Enhanced,569468221,way,2025-07-07T00:41:53.782795,[],[]
Detroit Car Center,7735 Central Avenue,Detroit,MI,48210,US,,,,42.3505941,-83.146946,scrap_yard,,,,,,,,scrap_yard,,OpenStreetMap Enhanced,569785636,way,2025-07-07T00:41:53.782795,[],[]
K Scrap Resources,,,,,US,,,,42.2923933,-83.0871518,scrap_yard,,,,,,,,scrap_yard,,OpenStreetMap Enhanced,570707782,way,2025-07-07T00:41:53.782795,[],[]
Winston Brothers Iron & Metal,,,,,US,,,,42.4215283,-83.0645026,scrap_yard,,,,,,,,scrap_yard,,OpenStreetMap Enhanced,570795230,way,2025-07-07T00:41:53.782795,"['steel', 'aluminum']",[]
Romin Iron & Metal,,,,,US,,,,42.4222992,-83.0651167,scrap_yard,,,,,,,,scrap_yard,,OpenStreetMap Enhanced,570795231,way,2025-07-07T00:41:53.782795,"['steel', 'aluminum']",[]
Judd Warehousing,,,,,US,,,,42.4253578,-83.0539974,scrap_yard,,,,,,,,scrap_yard,,OpenStreetMap Enhanced,570795235,way,2025-07-07T00:41:53.782795,[],[]
Mitch's Auto Parts,7400 East McNichols Road,Detroit,MI,48212,US,,,,42.418311,-83.0276929,scrap_yard,,,,,,,,scrap_yard,,OpenStreetMap Enhanced,574209199,way,2025-07-07T00:41:53.782795,[],[]
Broadway Auto Parts,,,,,US,,,,42.4067957,-83.0416417,scrap_yard,,,,,,,,scrap_yard,,OpenStreetMap Enhanced,574209200,way,2025-07-07T00:41:53.782795,[],[]
Schlafer Iron & Steel,1950 Medbury Street,Detroit,MI,48211,US,,,,42.3703855,-83.0495582,scrap_yard,,,,,,,,scrap_yard,,OpenStreetMap Enhanced,580990734,way,2025-07-07T00:41:53.782795,['steel'],[]
Boulevard and Trumbull Towing,2411 Vinewood Street,Detroit,MI,48216,US,,,,42.325957,-83.0952901,scrap_yard,,,,,,,,scrap_yard,,OpenStreetMap Enhanced,581414674,way,2025-07-07T00:41:53.782795,[],[]
Resource Recovery and Recycling Authority of Southwest Oakland County,20000 8 Mile Road,Southfield,MI,48075,US,,https://www.rrrasoc.org/,,42.4452273,-83.2387736,recycling,,,centre,,,,,,,OpenStreetMap Enhanced,581728321,way,2025-07-07T00:41:53.782795,[],[]
Ed's Discount Auto Parts,80 East 7 Mile Road,Detroit,MI,48203,US,,,,42.4316002,-83.1010124,scrap_yard,,,,,,,,scrap_yard,,OpenStreetMap Enhanced,583556130,way,2025-07-07T00:41:53.782795,[],[]
"City Recycling, Inc.",1943 Mack Avenue,Detroit,MI,48207,US,,,,42.3554658,-83.039966,scrap_yard,,,,,,,,scrap_yard,,OpenStreetMap Enhanced,583752743,way,2025-07-07T00:41:53.782795,[],[]
Sal's Auto Parts,12680 Greenfield Road,Detroit,MI,48227,US,,,,42.3815845,-83.1970847,scrap_yard,,,,,,,,scrap_yard,,OpenStreetMap Enhanced,589381927,way,2025-07-07T00:41:53.782795,['aluminum'],[]
Michigan Carmart,2211 West Edsel Ford Service Drive,Detroit,MI,48208,US,,,,42.3520793,-83.0891571,scrap_yard,,,,,,,,scrap_yard,,OpenStreetMap Enhanced,605651537,way,2025-07-07T00:41:53.782795,[],[]
A1 Towing & Junk Cars,9101 Fort Street West,Detroit,MI,48209,US,,,,42.296163,-83.1278271,scrap_yard,,,,,,,,scrap_yard,,OpenStreetMap Enhanced,608398789,way,2025-07-07T00:41:53.782795,[],[]
Fort Iron & Metal,9607 Dearborn Street,Detroit,MI,48209,US,,,,42.2930592,-83.1336313,scrap_yard,,,,,,,,scrap_yard,,OpenStreetMap Enhanced,608398806,way,2025-07-07T00:41:53.782795,"['steel', 'aluminum']",[]
Price Used Auto Parts,,,,,US,,,,42.3881411,-82.9834908,scrap_yard,,,,,,,,scrap_yard,,OpenStreetMap Enhanced,613466038,way,2025-07-07T00:41:53.782795,[],[]
Bobby's Towing,10807 Lyndon Street,Detroit,MI,48238,US,,,,42.3943998,-83.1679273,scrap_yard,,,,,,,,scrap_yard,,OpenStreetMap Enhanced,631671330,way,2025-07-07T00:41:53.782795,[],[]
Bobby's TCB Towing Services,10401 Lyndon Street,Detroit,MI,48238,US,,,,42.3944541,-83.1636786,scrap_yard,,,,,,,,scrap_yard,,OpenStreetMap Enhanced,631671332,way,2025-07-07T00:41:53.782795,[],[]
Tri County Towing,13404 Girardin Street,Detroit,MI,48212,US,,,,42.4126793,-83.0339912,scrap_yard,,,,,,,,scrap_yard,,OpenStreetMap Enhanced,632040794,way,2025-07-07T00:41:53.782795,[],[]
Premier Auto Wholesale,7170 East McNichols Road,Detroit,MI,48212,US,,,,42.4184192,-83.02931,scrap_yard,,,,,,,,scrap_yard,,OpenStreetMap Enhanced,632040799,way,2025-07-07T00:41:53.782795,['aluminum'],[]
McNichols Scrap Iron & Metal,,,,,US,,,,42.4182687,-83.0350948,scrap_yard,,,,,,,,scrap_yard,,OpenStreetMap Enhanced,632040801,way,2025-07-07T00:41:53.782795,"['steel', 'aluminum', 'nickel']",[]
American Dismantling & Recycling,,,,,US,,,,42.3528233,-83.0116521,scrap_yard,,,,,,,,scrap_yard,,OpenStreetMap Enhanced,633706075,way,2025-07-07T00:41:53.782795,[],[]
Consumer Auto Parts,6550 East Lafayette Street,Detroit,MI,48207,US,,,,42.3481272,-83.0085493,scrap_yard,,,,,,,,scrap_yard,,OpenStreetMap Enhanced,633706081,way,2025-07-07T00:41:53.782795,[],[]
Executive Towing,6445 East Hildale Street,Detroit,MI,48234,US,,,,42.4318986,-83.0367734,scrap_yard,,,,,,,,scrap_yard,,OpenStreetMap Enhanced,636615993,way,2025-07-07T00:41:53.782795,"['titanium', 'copper']",[]
Joey's Towing,10290 Gratiot Avenue,Detroit,MI,48213,US,,,,42.3978053,-83.0014526,scrap_yard,,,,,,,,scrap_yard,,OpenStreetMap Enhanced,640166493,way,2025-07-07T00:41:53.782795,[],[]
Hollywood Auto,,,,,US,,,,42.394381,-83.1702869,scrap_yard,,,,,,,,scrap_yard,,OpenStreetMap Enhanced,641697946,way,2025-07-07T00:41:53.782795,[],[]
Big Sam Auto Parts,,,,,US,,,,42.3937257,-83.1701939,scrap_yard,,,,,,,,scrap_yard,,OpenStreetMap Enhanced,641697950,way,2025-07-07T00:41:53.782795,[],[]
H&B Land/Elite Towing,10800 Devine Street,Detroit,MI,48213,US,,,,42.3979877,-82.9967551,scrap_yard,,,,,,,,scrap_yard,,OpenStreetMap Enhanced,652396308,way,2025-07-07T00:41:53.782795,[],[]
Red's Towing,7301 Clayton Street,Detroit,MI,48210,US,,,,42.323724,-83.1296774,scrap_yard,,,,,,,,scrap_yard,,OpenStreetMap Enhanced,655741966,way,2025-07-07T00:41:53.782795,[],[]
Simons Auto Parts,,,,,US,,,,42.3231954,-83.1308978,scrap_yard,,,,,,,,scrap_yard,,OpenStreetMap Enhanced,655741967,way,2025-07-07T00:41:53.782795,[],[]
SLC Recycling Industries,8701 East 8 Mile Road,Warren,MI,48089,US,,,,42.4505851,-83.015709,scrap_yard,,,,,,,,scrap_yard,,OpenStreetMap Enhanced,669598399,way,2025-07-07T00:41:53.782795,[],[]
Ferrous Processing & Trading Wyoming Ave facility,3651 Wyoming Street,Dearborn,MI,48126,US,,,,42.3143252,-83.1564791,scrap_yard,,,,,,,,scrap_yard,,OpenStreetMap Enhanced,669969962,way,2025-07-07T00:41:53.783794,['stainless_steel'],['processing']
Prestige Auto Parts,20500 Mound Road,Detroit,MI,48234,US,,,,42.4465273,-83.0428752,scrap_yard,,,,,,,,scrap_yard,,OpenStreetMap Enhanced,677746911,way,2025-07-07T00:41:53.783794,['titanium'],[]
FA Auto Parts,20433 Sherwood Street,Detroit,MI,48234,US,,,,42.4464541,-83.0352641,scrap_yard,,,,,,,,scrap_yard,,OpenStreetMap Enhanced,677746921,way,2025-07-07T00:41:53.783794,[],[]
Goch & Sons Towing,750 South Deacon Street,Detroit,MI,48217,US,,,,42.2825045,-83.1425602,scrap_yard,,,,,,,,scrap_yard,,OpenStreetMap Enhanced,682095640,way,2025-07-07T00:41:53.783794,[],[]
Eaton Auto & Salvage,,,,,US,,,,42.3967729,-83.1736793,scrap_yard,,,,,,,,scrap_yard,,OpenStreetMap Enhanced,689718551,way,2025-07-07T00:41:53.783794,['aluminum'],[]
FPR Lafayette Recycling,7700 Dix Street,Detroit,MI,48209,US,,,,42.3176272,-83.128373,recycling,,,centre,,,,,,,OpenStreetMap Enhanced,690033271,way,2025-07-07T00:41:53.783794,[],[]
Esso Wrecking Company,20000 John R Street,Detroit,MI,48203,US,,,,42.4405498,-83.1023123,scrap_yard,,,,,,,,scrap_yard,,OpenStreetMap Enhanced,691282957,way,2025-07-07T00:41:53.783794,['stainless_steel'],[]
Hill & Hill Automotive,5150 Stanton Street,Detroit,MI,48208,US,,,,42.3503141,-83.0906262,scrap_yard,,,,,,,,scrap_yard,,OpenStreetMap Enhanced,771377398,way,2025-07-07T00:41:53.783794,['titanium'],[]
Ruby Recycling,3298 Dix Highway,Lincoln Park,MI,48146,US,,,,42.2373912,-83.1960277,recycling,,,centre,,,,,,,OpenStreetMap Enhanced,776518441,way,2025-07-07T00:41:53.783794,[],[]
Tom's Auto Wrecking,3101 Bellevue Street,Detroit,MI,48207,US,,,,42.3599622,-83.0163721,scrap_yard,,,,,,,,scrap_yard,,OpenStreetMap Enhanced,828560866,way,2025-07-07T00:41:53.783794,[],[]
Bud's Auto,9335 Livernois Avenue,Detroit,MI,48204,US,,,,42.3646877,-83.1390337,scrap_yard,,,,,,,,scrap_yard,,OpenStreetMap Enhanced,1013189246,way,2025-07-07T00:41:53.783794,[],[]
Entrepreneur's Towing Auto,,,,,US,,,,42.3737684,-82.9897551,scrap_yard,,,,,,,,scrap_yard,,OpenStreetMap Enhanced,1014941775,way,2025-07-07T00:41:53.783794,[],[]
Elite Towing/H&B Land,13000 East McNichols Road,Detroit,MI,48205,US,,,,42.4243376,-82.990311,scrap_yard,,,,,,,,scrap_yard,,OpenStreetMap Enhanced,1017618627,way,2025-07-07T00:41:53.783794,[],[]
Karbones,,,,,US,,,,42.3214258,-83.1415292,scrap_yard,,,,,,,,scrap_yard,,OpenStreetMap Enhanced,1065600761,way,2025-07-07T00:41:53.783794,[],[]
Basic Recycling,,,,,US,,,,42.3793967,-83.1838958,scrap_yard,,,,,,,,scrap_yard,,OpenStreetMap Enhanced,1134259707,way,2025-07-07T00:41:53.783794,[],[]
Essex Metals,,,,,US,,,,42.3168945,-82.9962244,scrap_yard,,,,,,,,scrap_yard,,OpenStreetMap Enhanced,1410111158,way,2025-07-07T00:41:53.783794,"['stainless_steel', 'aluminum']",[]
Recycling Makes Cents,,,,,US,,,,42.3217117,-82.9904729,recycling,,,centre,,,,,,,OpenStreetMap Enhanced,1410111166,way,2025-07-07T00:41:53.783794,[],[]
ecoATM,,,,,US,,,,40.5439591,-80.0072611,recycling,,,vending_machine,,,,,,,OpenStreetMap Enhanced,3922609259,node,2025-07-07T00:42:04.459663,[],[]
Goodwill Donation Drop Off,,,,,US,,,,40.4043196,-80.0404636,recycling,"Mo-Sa 09:00-21:00, Su 11:00-19:00",,centre,,,,,,,OpenStreetMap Enhanced,6724897094,node,2025-07-07T00:42:04.459663,['titanium'],[]
American Thrift Center,,,,,US,,,,40.4294267,-79.9776561,recycling,,,container,,,,,,,OpenStreetMap Enhanced,9289312913,node,2025-07-07T00:42:04.459663,[],[]
Armstrong Kover Kwick,401 Sproul Street,McKees Rocks,PA,15136,US,,,,40.4725483,-80.0544244,,,,,,,,,,metal_construction,OpenStreetMap Enhanced,516223923,way,2025-07-07T00:42:04.459663,"['titanium', 'aluminum']",[]
Agrecycle,,,,,US,,,,40.4501805,-79.8936554,,,,,,,,,,,OpenStreetMap Enhanced,564155152,way,2025-07-07T00:42:04.459663,[],[]
Schimka Auto,1132 East Thacker Street,Des Plaines,IL,60016,US,(847) 699-3078,https://www.schimkaauto.com/,,42.0385934,-87.8961156,car_parts,,,,,,,,scrap_yard,,OpenStreetMap Enhanced,11242312132,node,2025-07-07T00:42:24.022732,[],[]
"Beacon Metal Fabricators, Inc.",3983 Hamilton Avenue,,,,US,(216) 391-7444,,,41.5239011,-81.6532918,,,,,,,,,,metal_construction,OpenStreetMap Enhanced,10733462260,node,2025-07-07T00:42:33.124675,"['titanium', 'aluminum']",[]
Baumann Enterprises Inc.,4801 Chaincraft Rd,Cleveland,OH,44125,US,(216) 823-2244,https://www.baumann-enterprises.com/,info@baumann-enterprises.com,41.4283147,-81.5959995,recycling,"Mo-Fr 7:30-16:30; Sa 8:00-12:00; Su,PH off",,centre,,,,,,,OpenStreetMap Enhanced,12067900891,node,2025-07-07T00:42:33.124675,[],[]
Hullett Ore Unloaders,,,,,US,,,,41.4943063,-81.7234842,scrap_yard,,Hullett Ore Unloaders,,,,,,scrap_yard,,OpenStreetMap Enhanced,12209480292,node,2025-07-07T00:42:33.124675,[],[]
Edgewater Surf,,,,,US,,,,41.480786,-81.8413053,recycling,,,container,,,,,,,OpenStreetMap Enhanced,12864153602,node,2025-07-07T00:42:33.124675,[],[]
Tracer Specialties,,,,,US,,,,41.4897,-81.7009056,,,,,,,,,,metal_construction,OpenStreetMap Enhanced,524120675,way,2025-07-07T00:42:33.124675,"['titanium', 'aluminum']",[]
Better Earth Recycling,4419 Brookpark Road,Parma,OH,44134,US,,,,41.4185886,-81.7158306,recycling,,,centre,,,,,,,OpenStreetMap Enhanced,719924201,way,2025-07-07T00:42:33.124675,[],[]
RIL Incorporated,,,,,US,,,,41.4174372,-81.5760051,,,,,,,,,,metal_construction,OpenStreetMap Enhanced,1276483714,way,2025-07-07T00:42:33.124675,"['titanium', 'aluminum']",[]
A & V Grinding Incorporated,1115 Straight Street,Cincinnati,OH,45214,US,+1-513-541-8076,http://midwestcenterless.com,,39.1304368,-84.5352814,,Mo-Fr 06:30-15:00,,,,,,,,metal_construction,OpenStreetMap Enhanced,6609273270,node,2025-07-07T00:42:44.276008,"['titanium', 'aluminum']",[]
Crane Heating & Air,,,,,US,,,,39.1713026,-84.4957887,waste_disposal,,,,,,,,,,OpenStreetMap Enhanced,12412887959,node,2025-07-07T00:42:44.276008,[],[]
Corken Steel,,,,,US,,,,39.0881131,-84.5167523,,,,,,,,,,metal_construction,OpenStreetMap Enhanced,42418086,way,2025-07-07T00:42:44.276008,"['steel', 'titanium', 'aluminum']",[]
Cincinnati Computer Cooperative,,,,,US,,https://www.c3computer.org/,,39.2451248,-84.4728502,recycling,,,centre,,,,,,,OpenStreetMap Enhanced,64168140,way,2025-07-07T00:42:44.276008,['titanium'],[]
Corken Steel Products,,,,,US,,,,39.0868461,-84.5238837,,,,,,,,,,metal_construction,OpenStreetMap Enhanced,80307502,way,2025-07-07T00:42:44.276008,"['steel', 'titanium', 'aluminum']",[]
River Metals Recycling,,,,,US,,,,39.0775116,-84.4970911,scrap_yard,,,,,,,,scrap_yard,,OpenStreetMap Enhanced,132052533,way,2025-07-07T00:42:44.276008,['aluminum'],[]
Goodwill Industries Drop-Off Center,,,,,US,,,,39.203642,-84.521071,recycling,,,centre,,,,,,,OpenStreetMap Enhanced,193634334,way,2025-07-07T00:42:44.276008,[],[]
ChangingGears,,,,,US,,https://www.changing-gears.org/,,39.1202993,-84.5278536,recycling,,,centre,,,,,,,OpenStreetMap Enhanced,193832589,way,2025-07-07T00:42:44.276008,[],[]
Bessler's U Pull & Save,2412 Petersburg Road,Hebron,KY,41048,US,(859) 586-6877,https://upullandsave.com/,,39.0708477,-84.7179144,scrap_yard,08:00-17:00,,,,,,,scrap_yard,,OpenStreetMap Enhanced,276602985,way,2025-07-07T00:42:44.276008,['stainless_steel'],[]
RME Machining,,,,,US,,,,39.1350068,-84.5376989,,,,,,,,,,metal_construction,OpenStreetMap Enhanced,330592769,way,2025-07-07T00:42:44.276008,"['titanium', 'aluminum', 'nickel']",[]
U-Pull-&-Pay,,,,,US,,,,39.1972248,-84.4874104,scrap_yard,,,,,,,,scrap_yard,,OpenStreetMap Enhanced,614106557,way,2025-07-07T00:42:44.276008,[],[]
Garden Street Iron & Metal,,,,,US,,,,39.1344626,-84.539433,scrap_yard,,,,,,,,scrap_yard,,OpenStreetMap Enhanced,708417520,way,2025-07-07T00:42:44.276008,"['steel', 'aluminum']",[]
Allgeier Auto Parts Incorporated,,,,,US,,https://www.allgeierautoparts.com/,,39.2186219,-84.6953229,scrap_yard,,,,,,,,scrap_yard,,OpenStreetMap Enhanced,710849384,way,2025-07-07T00:42:44.276008,['aluminum'],[]
Bob's Auto Parts,4588 Kellogg Avenue,Cincinnati,OH,,US,,,,39.0935557,-84.4273046,scrap_yard,,,,,,,,scrap_yard,,OpenStreetMap Enhanced,832355717,way,2025-07-07T00:42:44.276008,[],[]
HHW Center,1301 Lamont Avenue,Kalamazoo,MI,49048,US,+1 269 383 8742,https://www.kalcounty.com/hcs/eh/hhw/,,42.2789558,-85.5478951,recycling,"Tu 08:00-13:00, We 12:00-18:00, Fr 08:00-13:00",,centre,,,,,,,OpenStreetMap Enhanced,403118251,way,2025-07-07T00:43:11.567142,[],[]
Kinsman Township,,,,,US,,,,41.4545553,-80.5897411,recycling,,,container,,,,,,,OpenStreetMap Enhanced,9528474755,node,2025-07-07T00:43:21.242003,[],[]
Metalico Shanango Valley,329 South Dock Street,Sharon,PA,16146,US,,,,41.2291093,-80.5059849,scrap_yard,,,,,,,,scrap_yard,,OpenStreetMap Enhanced,1330752089,way,2025-07-07T00:43:21.242003,['aluminum'],[]
Tin Can Alley,386 Hinds Street,Tonawanda,NY,14150,US,,,,43.0028966,-78.8896287,recycling,,,centre,,,,,,,OpenStreetMap Enhanced,8095119248,node,2025-07-07T00:43:30.574088,"['titanium', 'aluminum', 'tin']",[]
Westside Value Redemption,,,,,US,,,,42.9222367,-78.8898303,recycling,,,centre,,,,,,,OpenStreetMap Enhanced,8241482197,node,2025-07-07T00:43:30.574088,"['titanium', 'aluminum']",[]
Great Lakes Pressed Steel Corporation,,,,,US,,,,42.9223588,-78.8985484,,,,,,,,,,metal_construction,OpenStreetMap Enhanced,8279666850,node,2025-07-07T00:43:30.574088,"['steel', 'stainless_steel', 'titanium', 'aluminum']",[]
WNY Bottle Redemption,1661 Hertel Avenue,Buffalo,NY,14216,US,(716) 426-8484,,,42.9474913,-78.8467151,recycling,,,centre,,,,,,,OpenStreetMap Enhanced,9289219815,node,2025-07-07T00:43:30.574088,['titanium'],[]
Bottle & Can Retrieval Center,3820 Union Road,Buffalo,NY,14225,US,,,,42.9185998,-78.755418,recycling,,,centre,,,,,,,OpenStreetMap Enhanced,10111838414,node,2025-07-07T00:43:30.574088,['aluminum'],[]
Bottle & Can Retrival Center,1942 Colvin Boulevard,Tonawanda,NY,14150,US,,,,42.9906604,-78.8531312,recycling,,,centre,,,,,,,OpenStreetMap Enhanced,10143295452,node,2025-07-07T00:43:30.574088,['aluminum'],[]
Moden Disposal Services,,,,,US,,,,43.0389926,-78.8155185,waste_disposal,,,,,,,,,,OpenStreetMap Enhanced,10189645999,node,2025-07-07T00:43:30.574088,[],[]
Modern Disposal Services,,,,,US,,,,43.039192,-78.8147809,waste_disposal,,,,,,,,,,OpenStreetMap Enhanced,10189646004,node,2025-07-07T00:43:30.574088,[],[]
Bottle & Can Retrieval Center,2790 Sheridan Drive,Tonawanda,NY,14150,US,,,,42.981098,-78.8303363,recycling,,,centre,,,,,,,OpenStreetMap Enhanced,10198286505,node,2025-07-07T00:43:30.574088,['aluminum'],[]
Clean Loop Recycling,88 Botsford Place,Buffalo,NY,14216,US,,,,42.9510293,-78.8749318,recycling,,,centre,,,,,,,OpenStreetMap Enhanced,10541924856,node,2025-07-07T00:43:30.574088,[],[]
Hearts for the Homeless,,,,,US,,,,43.0157296,-78.7810482,recycling,24/7,,container,,,,,,,OpenStreetMap Enhanced,11186957302,node,2025-07-07T00:43:30.574088,['stainless_steel'],[]
The Can Shack,906 Brighton Road,Tonawanda,NY,14150,US,,,,42.9913766,-78.8396424,recycling,,,centre,,,,,,,OpenStreetMap Enhanced,11339387415,node,2025-07-07T00:43:30.574088,[],[]
Bottle Bills,3245 Bailey Avenue,Buffalo,NY,14215,US,+17164242932,,,42.9431562,-78.8133013,recycling,,,centre,,,,,,,OpenStreetMap Enhanced,1020802118,way,2025-07-07T00:43:30.574088,[],[]
Bucks 4 Bottles,932 Hertel Avenue,Buffalo,NY,14216,US,,,,42.9479742,-78.8737103,recycling,,,centre,,,,,,,OpenStreetMap Enhanced,1214906291,way,2025-07-07T00:43:30.574088,[],[]
Skyscraper Shadows,,,,,US,,,,29.6199538,-95.2754915,,,,,,,,,,,OpenStreetMap Enhanced,151561168,node,2025-07-07T00:43:42.983248,[],[]
Tymetal Corporation,4501 Dixie Farm Road,Pearland,,77581,US,+1-888-978-4283,https://www.tymetal.com/,,29.5268831,-95.2551202,,,,,,,,,,,OpenStreetMap Enhanced,2573263102,node,2025-07-07T00:43:42.983248,"['titanium', 'aluminum']",[]
Goodwill Donation Center,1214 West 43rd Street,Houston,TX,,US,,,,29.8291659,-95.4304555,recycling,Mo-Su 08:00-18:00,,centre,,,,,,,OpenStreetMap Enhanced,3768401994,node,2025-07-07T00:43:42.983248,['titanium'],[]
"Bench (metal, 2ea)",,,,,US,,,,29.8122046,-95.6641344,bench,,,,,,,,,,OpenStreetMap Enhanced,4292401600,node,2025-07-07T00:43:42.983248,['aluminum'],[]
Apt 1802 giant dumpster,,,,,US,,,,29.7917838,-95.548513,waste_disposal,,,,,,,,,,OpenStreetMap Enhanced,5307104121,node,2025-07-07T00:43:42.983248,[],[]
Falcon Scrap Metal,10202B Fulton Street,Houston,TX,77076,US,,,,29.8536545,-95.3811818,recycling,,,centre,,,,,,,OpenStreetMap Enhanced,6265708976,node,2025-07-07T00:43:42.983248,['aluminum'],[]
Goodwill Donation Center,,,,,US,,,,29.7596951,-95.4824094,recycling,,,centre,,,,,,,OpenStreetMap Enhanced,6917875413,node,2025-07-07T00:43:42.983248,['titanium'],[]
American Recyclers,,,,,US,,,,30.0052154,-95.2553587,recycling,,,container,,,,,,,OpenStreetMap Enhanced,8542807231,node,2025-07-07T00:43:42.983248,[],[]
Genan,,,,,US,,,,29.8706949,-95.1172332,recycling,"Mo-Fr 08:30-12:00,12:30-17:00",,centre,,,,,,,OpenStreetMap Enhanced,11327623453,node,2025-07-07T00:43:42.983248,[],[]
Goodwill Industries Central Texas,,,,,US,,,,29.7258682,-95.4183044,recycling,,,,,,,,,,OpenStreetMap Enhanced,12493916379,node,2025-07-07T00:43:42.983248,[],[]
Goodwill West Texas,,,,,US,,,,29.7064991,-95.4164583,recycling,,,,,,,,,,OpenStreetMap Enhanced,12818406934,node,2025-07-07T00:43:42.983248,[],[]
Stella Roberts Recycling Center,,,,,US,,,,29.5451264,-95.3099689,recycling,,,centre,,,,,,,OpenStreetMap Enhanced,128315697,way,2025-07-07T00:43:42.983248,[],[]
Westpark Consumer Recycling Center,5900 Westpark Drive,Houston,,,US,,,,29.7249696,-95.4829296,recycling,Mo-Sa 08:00-17:00,,centre,,,,,,,OpenStreetMap Enhanced,317083336,way,2025-07-07T00:43:42.983248,[],[]
Newport Metal Recycling,,,,,US,,,,29.7200952,-95.2870355,recycling,,,centre,,,,,,,OpenStreetMap Enhanced,378862811,way,2025-07-07T00:43:42.983248,['aluminum'],[]
Gulf Coast Strap Metal,8770 Hempstead Road,Houston,TX,77008,US,+1-713-868-4111,https://www.gulfcoastscrapmetal.com/,gulfcoastscrapmetal@yahoo.com,29.7888475,-95.4422886,recycling,Mo-Fr 08:00-17:00; Sa 08:00-12:00,,centre,,,,,,,OpenStreetMap Enhanced,579719819,way,2025-07-07T00:43:42.983248,['aluminum'],[]
C&D Scrap Metal,6775 Bingle Road,Houston,TX,,US,,,,29.8641276,-95.488482,recycling,Mo-Fr 07:30-17:00; Sa 08:00-12:00; PH closed,,centre,,,,,,,OpenStreetMap Enhanced,690500603,way,2025-07-07T00:43:42.983248,['aluminum'],[]
RM Scrap Metal,9703½ Fulton Street,Houston,TX,,US,,,,29.8475352,-95.3789738,recycling,,,centre,,,,,,,OpenStreetMap Enhanced,837883100,way,2025-07-07T00:43:42.983248,['aluminum'],[]
Nichole Scrap Metals,9741 Jensen Drive,Houston,TX,,US,,,,29.852636,-95.3407967,recycling,,,centre,,,,,,,OpenStreetMap Enhanced,875991778,way,2025-07-07T00:43:42.983248,"['aluminum', 'nickel']",[]
Environmental Services Center,11500 South Post Oak Road,Houston,TX,77035,US,,https://houstontx.gov/solidwaste/esc.html,,29.649629,-95.4644,recycling,Tu - We 09:00-15:00; Sa[2] 09:00-13:00,,centre,,,,,,,OpenStreetMap Enhanced,1092144490,way,2025-07-07T00:43:42.983248,"['steel', 'aluminum']",[]
Waste Management Recycling Center,4939 Gasmer Drive,Houston,TX,77035,US,,,,29.650326,-95.465819,recycling,,,centre,,,,,,,OpenStreetMap Enhanced,1092144890,way,2025-07-07T00:43:42.983248,[],[]
Spring Scrap Metal Recycling,19230 Kuykendahl Road,Spring,TX,77379,US,+1-281-528-0707,https://www.springscrapmetalrecycling.com,,30.04989,-95.4920198,recycling,"Mo-Fr 9:00 - 18:00, Sa 10:00 - 13:00",,centre,,,,,,,OpenStreetMap Enhanced,1375772382,way,2025-07-07T00:43:42.983248,['aluminum'],[]
City of Dallas,,,,,US,,,,32.9041102,-96.7541926,recycling,,,container,,,,,,,OpenStreetMap Enhanced,5138827502,node,2025-07-07T00:43:54.634697,[],[]
American Textile Recycling Service,,,,,US,,,,32.9086074,-96.7636239,recycling,,,container,,,,,,,OpenStreetMap Enhanced,5192594924,node,2025-07-07T00:43:54.634697,[],[]
City of Dallas Sanitation Services,,,,,US,,,,32.9347941,-96.7679311,recycling,,,container,,,,,,,OpenStreetMap Enhanced,6196693332,node,2025-07-07T00:43:54.634697,[],[]
FMI Recycling,,,,,US,,,,32.7183271,-96.8690925,recycling,,,centre,,,,,,,OpenStreetMap Enhanced,6296245607,node,2025-07-07T00:43:54.634697,[],[]
Greenpath Recovery,,,,,US,,,,32.7184656,-96.8684796,recycling,,,centre,,,,,,,OpenStreetMap Enhanced,6296245608,node,2025-07-07T00:43:54.634697,[],[]
World Wear LLC,,,,,US,,,,32.9551407,-96.8945504,recycling,,,container,,,,,,,OpenStreetMap Enhanced,8369140184,node,2025-07-07T00:43:54.634697,[],[]
Clothes & Shoes Recycling Bin,,,,,US,+1 703 595 2020,https://fillthebins.com,,32.9562142,-96.8928589,recycling,24/7,,container,,,,,,,OpenStreetMap Enhanced,11911146930,node,2025-07-07T00:43:54.634697,[],[]
Recycle Revolution,6835 Forest Park Road,,,75235,US,+1-214-566-3025,https://recyclerevolutiondallas.com/,info@recyclerevolutiondallas.com,32.8264799,-96.8510826,recycling,Mo-Fr 7:00-15:00; Sa-Su off,,centre,,,,,,,OpenStreetMap Enhanced,465038777,way,2025-07-07T00:43:54.634697,['titanium'],[]
Southwest (Oak Cliff) Transfer Station,,,,,US,,,,32.6879484,-96.8813745,recycling,,,centre,,,,,,,OpenStreetMap Enhanced,467243383,way,2025-07-07T00:43:54.634697,['titanium'],[]
Northeast (Fair Oaks) Transfer Station,7400 Holly Hill Drive,,,,US,,,,32.8811749,-96.7523465,recycling,,,centre,,,,,,,OpenStreetMap Enhanced,468149350,way,2025-07-07T00:43:54.634697,['titanium'],[]
Customer Convenience Recycling Center at McCommas Bluff Landfill,5450 Simpson Stuart Road,,,,US,,https://dallascityhall.com/departments/sanitation/Pages/electronic_waste.aspx,,32.6805119,-96.7281282,recycling,Mo-Fr 05:00-20:00; Sa 06:00-16:00,,centre,,,,,,,OpenStreetMap Enhanced,469105875,way,2025-07-07T00:43:54.634697,"['nickel', 'copper']",[]
Phoenix Recycling,,,,,US,,,,32.9219174,-96.6315154,recycling,,,centre,,,,,,,OpenStreetMap Enhanced,1301335674,way,2025-07-07T00:43:54.634697,['nickel'],[]
Salvage Yard,,,,,US,,,,29.3119257,-98.4718361,scrap_yard,,,,,,,,scrap_yard,,OpenStreetMap Enhanced,121022604,way,2025-07-07T00:44:08.815094,['aluminum'],[]
San Antonio Bitters Recycling Center,1800 Wurzbach Parkway,San Antonio,TX,78216,US,,,,29.542061,-98.4673513,recycling,,,centre,,,,,,,OpenStreetMap Enhanced,370853902,way,2025-07-07T00:44:08.815094,['nickel'],[]
San Antonio Household Hazardous Waste Disposal,7030 Culebra Road,San Antonio,TX,78238,US,,,,29.4511168,-98.6281848,recycling,,,centre,,,,,,,OpenStreetMap Enhanced,678629305,way,2025-07-07T00:44:08.815094,"['aluminum', 'nickel']",[]
San Antonio Fence & Ornamental Iron,1410 North Colorado Street,San Antonio,TX,78207,US,,,,29.4407561,-98.509075,,,,,,,,,,metal_construction,OpenStreetMap Enhanced,817411221,way,2025-07-07T00:44:08.815094,"['steel', 'titanium', 'aluminum', 'nickel']",[]
International Truck Parts,9809 New Laredo Highway,San Antonio,TX,78211,US,,,,29.3239361,-98.6031924,scrap_yard,,,,,,,,scrap_yard,,OpenStreetMap Enhanced,841080125,way,2025-07-07T00:44:08.815094,"['titanium', 'aluminum']",[]
Euro Parts,9663 New Laredo Highway,San Antonio,TX,78211,US,,,,29.3248828,-98.6026623,scrap_yard,,,,,,,,scrap_yard,,OpenStreetMap Enhanced,841080130,way,2025-07-07T00:44:08.815094,[],[]
A. G. Pickard Pecans,101 Nogalitos Street,San Antonio,TX,78204,US,,,,29.4090251,-98.501694,recycling,,,centre,,,,,,,OpenStreetMap Enhanced,929735081,way,2025-07-07T00:44:08.815094,[],[]
Texas Towing,422 Steves Avenue,San Antonio,TX,78204,US,,,,29.3978127,-98.4938487,scrap_yard,,,,,,,,scrap_yard,,OpenStreetMap Enhanced,1033531452,way,2025-07-07T00:44:08.815094,[],[]
Atlas Towing,551 Steves Avenue,San Antonio,TX,78204,US,,,,29.3967188,-98.4913986,scrap_yard,,,,,,,,scrap_yard,,OpenStreetMap Enhanced,1033531456,way,2025-07-07T00:44:08.815094,[],[]
All Tex Towing,4100 South W. W. White Road,San Antonio,TX,78222,US,,,,29.3576849,-98.4024476,scrap_yard,,,,,,,,scrap_yard,,OpenStreetMap Enhanced,1106114169,way,2025-07-07T00:44:08.815094,['aluminum'],[]
Sundance Metal Fabricators,12306 Technology Boulevard,Austin,,78727,US,+1-512-250-2302,http://www.sundancemetal.com/,,30.436059,-97.7602233,,Mo-Fr 07:30-17:00,,,,,,,,metal_construction,OpenStreetMap Enhanced,2523606806,node,2025-07-07T00:44:22.970478,"['titanium', 'aluminum']",[]
Wright Recycling LLC,9709 Brown Lane,Austin,TX,78754,US,+1 512-367-0915,https://wrightrecyclingllc.com,,30.3508329,-97.6693609,recycling,"Mo-Fr 08:00-16:30, Sa 09:00-13:30",,centre,,,,,,,OpenStreetMap Enhanced,9771186339,node,2025-07-07T00:44:22.970478,[],[]
iHaul Junk Austin,2021 Guadalupe Street,Austin,TX,78705,US,+1-512-866-2907,https://ihauljunk.com/junk-removal-in-austin-tx,,30.2832978,-97.7416992,recycling,Mo-Su 08:00-20:00,,centre,,,,,,,OpenStreetMap Enhanced,11399466705,node,2025-07-07T00:44:22.970478,"['titanium', 'tin']",[]
Arms of Hope,,,,,US,,,,30.2331228,-97.7929593,recycling,,,container,,,,,,,OpenStreetMap Enhanced,12714854262,node,2025-07-07T00:44:22.970478,[],[]
A1 Parts Mart,9707 FM 812,Austin,TX,78719,US,+1-512-243-2718,https://www.a1partsmart.com/,diana@a1partsmart.com,30.1545269,-97.6824061,scrap_yard,Mo-Fr 08:00-17:30,,,,,,,scrap_yard,,OpenStreetMap Enhanced,383114729,way,2025-07-07T00:44:22.970478,[],[]
CMC Recycling,1704 West Howard Lane,Austin,TX,,US,,,,30.4281445,-97.6783815,recycling,,,,,,,,,,OpenStreetMap Enhanced,383184775,way,2025-07-07T00:44:22.970478,[],[]
Austin Wrench A Part,5055 East Hwy 71,Del Valle,TX,78617,US,,https://wrenchapart.com,,30.188823,-97.5654385,scrap_yard,,,,,,,,scrap_yard,,OpenStreetMap Enhanced,386036762,way,2025-07-07T00:44:22.970478,"['titanium', 'tin']",[]
Recycle & Reuse Drop-off Center,2514 Business Center Drive,Austin,TX,78744,US,+1-512-974-4343,https://www.austintexas.gov/dropoff,,30.2134329,-97.7373612,recycling,Mo-Sa 09:00-16:30; PH off; Su off,Appointment needed to drop off items.  Use Website to obtain appointment.,centre,,,,,,,OpenStreetMap Enhanced,1179813063,way,2025-07-07T00:44:22.970478,[],[]
ABS Metal Recycling,10519 McAngus Road,Del Valle,TX,78617,US,+1-512-826-0797,http://www.absrecycling.com/,,30.152656,-97.6689714,recycling,Mo-Fr 08:00-16:30; Sa 08:00-16:00,,centre,,,,,,,OpenStreetMap Enhanced,1185608567,way,2025-07-07T00:44:22.970478,['aluminum'],[]
Austin Wood Recycling,9201 FM 812,Austin,TX,78719,US,,https://www.austinwoodrecycling.com/,,30.1555498,-97.6873274,recycling,Mo-Fr 08:00-17:00; Sa 08:00-14:00,,centre,,,,,,,OpenStreetMap Enhanced,1185824388,way,2025-07-07T00:44:22.970478,"['titanium', 'tin']",[]
Gardner Metal Recycling,,,,,US,,,,30.3307322,-97.616078,recycling,,,centre,,,,,,,OpenStreetMap Enhanced,1201742548,way,2025-07-07T00:44:22.970478,['aluminum'],[]
Recycle Facility,,,,,US,,,,30.2204264,-97.6098004,recycling,,,centre,,,,,,,OpenStreetMap Enhanced,1372044701,way,2025-07-07T00:44:22.970478,[],[]
Compra de metales,,,,,US,,,,25.8540334,-97.4748286,recycling,,,,,,,,,,OpenStreetMap Enhanced,4537330292,node,2025-07-07T00:44:30.573502,['aluminum'],[]
Compra y venta metales,,,,,US,,,,25.8376591,-97.4790908,recycling,,,,,,,,,,OpenStreetMap Enhanced,4537330390,node,2025-07-07T00:44:30.573502,['aluminum'],[]
Pull-A-Part,12000 Montana Avenue,El Paso City,TX,,US,,,,31.8018486,-106.2742016,recycling,,,,,,,,,,OpenStreetMap Enhanced,457772942,way,2025-07-07T00:44:39.454822,[],[]
RG Pick-A-Part,8330 Doniphan Drive,Anthony,TX,79821,US,,,,31.9759256,-106.5995579,scrap_yard,,,,,,,,scrap_yard,,OpenStreetMap Enhanced,1108399343,way,2025-07-07T00:44:39.454822,[],[]
Imports & More Auto Salvage,13471 Montana Ave,El Paso,TX,79938,US,+1-915-855-3269,http://importsandmoreautosalvagetx.com,,31.8153371,-106.2191667,scrap_yard,,,,,,,,scrap_yard,,OpenStreetMap Enhanced,1343871214,way,2025-07-07T00:44:39.454822,['aluminum'],[]
Best Grease Service,5232 Nadine Drive,Haltom City,TX,76117,US,+1-817-831-1041,http://oilrecyclinghaltomcity.com,,32.8192997,-97.269422,recycling,,,,,,,,,,OpenStreetMap Enhanced,6611326408,node,2025-07-07T00:44:51.575688,[],[]
Progressive Waste Solutions,,,,,US,,,,32.6742126,-97.4055803,recycling,,,container,,,,,,,OpenStreetMap Enhanced,7321059766,node,2025-07-07T00:44:51.575688,[],[]
University of Texas at Arlington,,,,,US,,,,32.7317536,-97.1085966,recycling,,,container,,,,,,,OpenStreetMap Enhanced,9601017619,node,2025-07-07T00:44:51.575688,[],[]
Tarrant County College,,,,,US,,,,32.8464454,-97.1933425,recycling,,,container,,,,,,,OpenStreetMap Enhanced,12312368002,node,2025-07-07T00:44:51.575688,[],[]
Tarrant County College District,,,,,US,,,,32.8467841,-97.1918719,recycling,,,container,,,,,,,OpenStreetMap Enhanced,12574297301,node,2025-07-07T00:44:51.575688,[],[]
MMW Fabrication LTD,1155 West Hurst Blvd,Hurst,TX,76053,US,+1-817-589-0881,https://mmwfabrication.com/,,32.808132,-97.1990718,,"Mo-Tu 09:00-18:00, We 09:00-17:00, Th-Fr 09:00-18:00",,,,,,,,metal_construction,OpenStreetMap Enhanced,560015852,way,2025-07-07T00:44:51.575688,"['titanium', 'aluminum']",[]
DFW Recyclers,2410 West Division Street,Arlington,TX,76012,US,+1-682-323-8163,,,32.7349087,-97.1470574,recycling,,,centre,,,,,,,OpenStreetMap Enhanced,659542057,way,2025-07-07T00:44:51.575688,[],[]
Goodwill Outlet Store,2462 Mansfield Highway,Fort Worth,TX,,US,,,,32.6881214,-97.2939505,recycling,,,,,,,,,,OpenStreetMap Enhanced,7361794,relation,2025-07-07T00:44:51.575688,[],[]
Forsyth County Recyle Center,,,,,US,,,,34.1011461,-84.138578,recycling,,,centre,,,,,,,OpenStreetMap Enhanced,6306168632,node,2025-07-07T00:45:13.213159,[],[]
Clothing Collection Box,,,,,US,,,,34.0073793,-84.2922517,recycling,,,container,,,,,,,OpenStreetMap Enhanced,8031774339,node,2025-07-07T00:45:13.213159,['titanium'],[]
New Life Technology Group,1000 Union Center Drive,Alpharetta,GA,30004,US,+1 404-313-8215,https://www.newlifetechgroup.com,,34.1269807,-84.2342898,recycling,Mo-Fr 08:00-16:00,,centre,,,,,,,OpenStreetMap Enhanced,11017702612,node,2025-07-07T00:45:13.213159,[],[]
Kennesaw Public Works,,,,,US,,https://www.cobbcounty.org/keep-cobb-beautiful/recycling/glass-recycling,,34.0304532,-84.6157843,recycling,,,container,,,,,,,OpenStreetMap Enhanced,11504831650,node,2025-07-07T00:45:13.213159,[],[]
Simple Electronic Recycling,3473 Cherokee Street Northwest,Kennesaw,GA,30144,US,+1 470-232-1391,http://www.simpleelectronicrecycling.com/,,34.0377667,-84.6058349,recycling,Mo-Fr 09:00-16:00,,centre,,,,,,,OpenStreetMap Enhanced,11850657923,node,2025-07-07T00:45:13.213159,['nickel'],[]
Clothes Bin,,,,,US,,,,34.1024617,-84.5412505,recycling,24/7,,container,,,,,,,OpenStreetMap Enhanced,12249124755,node,2025-07-07T00:45:13.213159,[],[]
Hobgood Park,,,,,US,,,,34.1315273,-84.5828909,waste_disposal,,,,,,,,,,OpenStreetMap Enhanced,12263133982,node,2025-07-07T00:45:13.213159,[],[]
Children's Healthcare Of Atlanta,,,,,US,,,,34.1124682,-84.5635287,recycling,24/7,,container,,,,,,,OpenStreetMap Enhanced,12277798207,node,2025-07-07T00:45:13.213159,[],[]
ABC Recycling,,,,,US,+1 (678) 290-9866,,,33.965879,-84.5349882,recycling,Mo-Fr 08:00-17:00; Sa 08:00-14:00,,centre,,,,,,,OpenStreetMap Enhanced,332078201,way,2025-07-07T00:45:13.213159,[],[]
Kinmetal,3125 Trotters Parkway,,,,US,,,,34.1264778,-84.231465,,,,,,,,,,,OpenStreetMap Enhanced,392756437,way,2025-07-07T00:45:13.213159,['aluminum'],[]
Marietta Auto Salvage,317 Freys Gin Road Southeast,Marietta,GA,30067,US,+1 (770) 423-0198,http://www.partsrequest.com/,,33.9445752,-84.5148081,scrap_yard,Mo-Fr 08:00-17:00; Sa 08:00-14:00,,,,,,,scrap_yard,,OpenStreetMap Enhanced,424461699,way,2025-07-07T00:45:13.213159,['aluminum'],[]
Pacesetter Steel Services,1100 Shallowford Road Northeast,,GA,30066,US,+1 770-591-5656,https://teampacesetter.com/,myadvantage@teampacesetter.com,34.0556512,-84.5179713,,,,,,,,yes,,metal_construction,OpenStreetMap Enhanced,792249587,way,2025-07-07T00:45:13.213159,"['steel', 'titanium', 'aluminum']",[]
LA Steel Works,2009 Dorsey Road Northeast,,,,US,+1-678-725-0588,https://lasteelworks.com/,,34.0009308,-84.5225743,,Mo-Fr 07:30-16:00,,,,,,,,metal_construction,OpenStreetMap Enhanced,992847850,way,2025-07-07T00:45:13.213159,"['steel', 'titanium', 'aluminum']",[]
CC Image Group,2009 Dorsey Road Northeast,,,,US,+1-770-883-3506,https://www.ccimagegroup.com/,,34.001692,-84.521768,,,,,,,,,,metal_construction,OpenStreetMap Enhanced,992847856,way,2025-07-07T00:45:13.213159,"['titanium', 'aluminum']",[]
Tolbert Street Recycling Center,351 Tolbert Street,Cumming,GA,30040,US,,,,34.203429,-84.1498649,recycling,Mo-Sa 07:30-17:00,,centre,,,,,,,OpenStreetMap Enhanced,1089893754,way,2025-07-07T00:45:13.213159,[],[]
"Willfab, Inc.",4648 Canton Road Northeast,,,,US,,,,34.0632697,-84.5201278,,,,,,,,,,metal_construction,OpenStreetMap Enhanced,1303776180,way,2025-07-07T00:45:13.213159,"['titanium', 'aluminum']",[]
Hobgood Park Recycling Center,6688 Bells Ferry Road,Woodstock,GA,30189,US,,,,34.1315342,-84.5855717,recycling,Mo-Su 09:00-18:00,,centre,,,,,,,OpenStreetMap Enhanced,1305522817,way,2025-07-07T00:45:13.213159,[],[]
Republic Services,,,,,US,,,,33.651313,-86.8215119,waste_disposal,,,,,,,,,,OpenStreetMap Enhanced,7816309493,node,2025-07-07T00:45:24.059005,[],[]
Santek Waste Services,,,,,US,,,,33.6511755,-86.8159687,waste_disposal,,,,,,,,,,OpenStreetMap Enhanced,7816309495,node,2025-07-07T00:45:24.059005,[],[]
LKQ Parts,,,,,US,,,,33.8390689,-86.6695377,scrap_yard,,,,,,,,scrap_yard,,OpenStreetMap Enhanced,1158623674,way,2025-07-07T00:45:24.059005,[],[]
Middle Valley Recycling,,,,,US,,,,35.1898029,-85.1732844,recycling,,,,,,,,,,OpenStreetMap Enhanced,945904448,node,2025-07-07T00:45:33.040521,['aluminum'],[]
Red Bank Recycling Center,4857 Dayton Boulevard,,,,US,,https://recycle.hamiltontn.gov/,,35.1401645,-85.2783374,recycling,Tu-Fr 10:00-18:00; Sa 08:00-16:00,,centre,,,,,,,OpenStreetMap Enhanced,2186609606,node,2025-07-07T00:45:33.040521,[],[]
car junk yard,,,,,US,,,,35.0613004,-85.2547401,recycling,,,,,,,,,,OpenStreetMap Enhanced,209370946,way,2025-07-07T00:45:33.040521,[],[]
Household Hazardous Waste Collection Facility,4063 North Hawthorne Street,,,,US,,,,35.0880525,-85.244961,recycling,Tu-Sa 08:00-15:00,,centre,,,,,,,OpenStreetMap Enhanced,1076391707,way,2025-07-07T00:45:33.040521,['titanium'],[]
Wood Recycling Center,4063 North Hawthorne Street,,,,US,,https://chattanooga.gov/public-works/city-wide-services/wood-recycling-center,,35.0883205,-85.2456365,recycling,Mo-Sa 08:00-16:00,,centre,,,,,,,OpenStreetMap Enhanced,1076391708,way,2025-07-07T00:45:33.040521,[],[]
Highway 58 Recycling Center,5414 Highway 58,,,,US,,https://recycle.hamiltontn.gov/,,35.1047053,-85.1578352,recycling,"Mo,We 09:00-17:00; Sa 08:00-16:00",,centre,,,,,,,OpenStreetMap Enhanced,1096805893,way,2025-07-07T00:45:33.040521,[],[]
Middle Valley Recycling Center,1868 East Crabtree Road,,,,US,,https://recycle.hamiltontn.gov/,,35.1856033,-85.1763479,recycling,"Mo, We 09:00-17:00; Sa 08:00-16:00",,centre,,,,,,,OpenStreetMap Enhanced,1098980928,way,2025-07-07T00:45:33.040521,['aluminum'],[]
Standifer Gap Recycling Center,7625 Standifer Gap Road,,,,US,,https://recycle.hamiltontn.gov/,,35.049826,-85.1318116,recycling,Mo-Fr 09:00-17:00; Sa 08:00-16:00,,centre,,,,,,,OpenStreetMap Enhanced,1098980929,way,2025-07-07T00:45:33.040521,[],[]
CMC Recycling,,,,,US,,,,35.0784509,-85.3377222,scrap_yard,,,,,,,,scrap_yard,,OpenStreetMap Enhanced,1215548255,way,2025-07-07T00:45:33.040521,[],[]
Element At East North,,,,,US,,,,34.8708134,-82.3508022,waste_disposal,,,,,,,,,,OpenStreetMap Enhanced,8246386176,node,2025-07-07T00:45:42.377429,[],[]
O’Neal Residential Waste and Recycling Center,3769 Camp Road,,,,US,,,,35.0129433,-82.2764427,recycling,,,centre,,,,,,,OpenStreetMap Enhanced,505422624,way,2025-07-07T00:45:42.377429,"['titanium', 'aluminum']",[]
North Greenville Recycling Center,514 Rutherford Road,Greenville,SC,29609,US,,,,34.8734954,-82.3982338,recycling,,,centre,,,,,,,OpenStreetMap Enhanced,1128345224,way,2025-07-07T00:45:42.377429,[],[]
Blackberry Valley Recycling And Residential Waste Collection Center,409 Blackberry Valley Road,,,,US,,,,34.9139932,-82.4829844,recycling,,,centre,,,,,,,OpenStreetMap Enhanced,14575787,relation,2025-07-07T00:45:42.377429,"['titanium', 'aluminum']",[]
BlueSky Solutions LLC,5019 Hovis Road,Charlotte,NC,28208,US,,,,35.2686861,-80.8995748,recycling,,,centre,,,,,,,OpenStreetMap Enhanced,740064557,way,2025-07-07T00:45:50.940709,['titanium'],[]
Pull-A-Part,6024 North Tryon Street,Charlotte,NC,28213,US,,,,35.2676802,-80.7654443,scrap_yard,,,,,,,,scrap_yard,,OpenStreetMap Enhanced,832674303,way,2025-07-07T00:45:50.940709,[],[]
LKQ Self Service,3900 Chesapeake Drive,Charlotte,NC,28216,US,,,,35.2728328,-80.86845,scrap_yard,,,,,,,,scrap_yard,,OpenStreetMap Enhanced,832675437,way,2025-07-07T00:45:50.940709,[],[]
Paper Skyscraper,330 East Boulevard,Charlotte,NC,28203,US,,,,35.2099316,-80.8558026,,,,,,,,,,,OpenStreetMap Enhanced,997012672,way,2025-07-07T00:45:50.940709,[],[]
PSC Metals,,,,,US,,,,36.1607942,-86.7664707,scrap_yard,,,,,,,,scrap_yard,,OpenStreetMap Enhanced,397122379,way,2025-07-07T00:46:01.965966,['aluminum'],[]
Omohundro Center | Residential Waste & Recycling Facility,1019 Omohundro Place,Nashville,TN,37210,US,,https://www.nashville.gov/Public-Works/Neighborhood-Services/Recycling/Residential-Waste-and-Recycling-Facilities.aspx,,36.1555971,-86.739164,recycling,,,centre,,,,,,,OpenStreetMap Enhanced,753399164,way,2025-07-07T00:46:01.965966,"['titanium', 'aluminum']",[]
Living Earth,,,,,US,,,,36.1432855,-86.7190844,recycling,,,centre,,,,,,,OpenStreetMap Enhanced,753399167,way,2025-07-07T00:46:01.965966,[],[]
SA Recycling,,,,,US,,,,36.1718924,-86.860421,scrap_yard,,,,,,,,scrap_yard,,OpenStreetMap Enhanced,1210616622,way,2025-07-07T00:46:01.965966,[],[]
Memphis Scrap,,,,,US,,,,35.1063781,-90.0872887,scrap_yard,,,,,,,,scrap_yard,,OpenStreetMap Enhanced,1206645082,way,2025-07-07T00:46:13.403389,[],[]
Memphis Industrial Scrap,,,,,US,,https://portofmemphis.com/industry/memphis-industrial-scrap-recycling/,,35.0871777,-90.1150531,scrap_yard,,,,,,,,scrap_yard,,OpenStreetMap Enhanced,1206645117,way,2025-07-07T00:46:13.403389,['aluminum'],[]
Progress Rail,,,,,US,,https://portofmemphis.com/industry/for-sale-colliers-wilkinson-snowden/,,35.1068604,-90.091585,scrap_yard,,primarly rolling stock scrapping,,,,,,scrap_yard,,OpenStreetMap Enhanced,1206645142,way,2025-07-07T00:46:13.403389,['stainless_steel'],[]
Omnisource,,,,,US,,,,35.1790133,-90.0407746,scrap_yard,,,,,,,,scrap_yard,,OpenStreetMap Enhanced,1207570369,way,2025-07-07T00:46:13.403389,['nickel'],[]
Collins Yard Convenience Center,304 Collins Street,Memphis,TN,38112,US,,,,35.1419854,-89.971973,recycling,Fr-Su 09:00-15:00,,centre,,,,,,,OpenStreetMap Enhanced,1360412614,way,2025-07-07T00:46:13.403389,['nickel'],[]
Modern Metals Recycling,7968 Florida Boulevard,Denham Springs,LA,70726,US,+1-225-665-4180,,,30.4823666,-90.9319326,recycling,Mo-Fr 08:00-16:00,,centre,,,,,,,OpenStreetMap Enhanced,822295959,way,2025-07-07T00:46:22.488706,['aluminum'],[]
Southern Scrap Metal,,,,,US,,,,30.5181598,-91.1810674,scrap_yard,,,,,,,,scrap_yard,,OpenStreetMap Enhanced,1175112978,way,2025-07-07T00:46:22.488706,['aluminum'],[]
EMR Recycling,,,,,US,,,,30.5116537,-91.1757014,scrap_yard,,,,,,,,scrap_yard,,OpenStreetMap Enhanced,1175112979,way,2025-07-07T00:46:22.488706,[],[]
Metal Depots,8431 Airline Highway,Baton Rouge,LA,70815,US,(225) 706-5800,https://www.metaldepots.com/Baton-Rouge/,,30.4586976,-91.0990389,trade,,,,,,,,,metal_construction,OpenStreetMap Enhanced,1213753310,way,2025-07-07T00:46:22.488706,"['titanium', 'aluminum']",[]
The Green Project,2831 Marais St,,,,US,+1 504 9450240,https://www.thegreenproject.org/,,29.9694876,-90.0472967,doityourself,,,,,,,,,,OpenStreetMap Enhanced,320010049,node,2025-07-07T00:46:37.897742,[],[]
Dats Progress Recycling,,,,,US,,http://datsprogress.org,,29.966846,-90.089613,recycling,Sa-Su 06:00-17:00,,,,,,,,,OpenStreetMap Enhanced,1252829465,node,2025-07-07T00:46:37.897742,['stainless_steel'],[]
Goodwill Store,,,,,US,,,,29.9027336,-90.0645363,recycling,,,,,,,,,,OpenStreetMap Enhanced,7158338386,node,2025-07-07T00:46:37.897742,[],[]
EMR Southern Recycling,,,,,US,,,,29.921428,-90.1448533,scrap_yard,,,,,,,,scrap_yard,,OpenStreetMap Enhanced,1175920335,way,2025-07-07T00:46:37.897742,[],[]
Wash Twp Recycling,,,,,US,,,,39.7921439,-75.0793733,recycling,,,,,,,,,,OpenStreetMap Enhanced,1612442358,node,2025-07-07T00:46:56.516404,[],[]
Northwest Drop-Off Center,Domino Lane,,,,US,,,,40.0398714,-75.23857,recycling,Mo-Sa 08:00-18:00,,centre,,,,,,,OpenStreetMap Enhanced,3648076785,node,2025-07-07T00:46:56.516404,[],[]
Penn Jersey Recycling,,,,,US,,,,39.9329926,-75.108501,recycling,,,centre,,,,,,,OpenStreetMap Enhanced,5650297542,node,2025-07-07T00:46:56.516404,[],[]
W. Hargrove Recycling,1507 East State Street,Camden,NJ,08105,US,,,,39.9503901,-75.1038572,recycling,,,centre,,,,,,,OpenStreetMap Enhanced,5662286854,node,2025-07-07T00:46:56.516404,[],[]
River Front Recycling,,,,,US,,,,39.9573424,-75.0988237,recycling,,,centre,,,,,,,OpenStreetMap Enhanced,5662286862,node,2025-07-07T00:46:56.516404,[],[]
E&A Drywall Corporation,226 North 38th Street,Camden,NJ,08105,US,,,,39.9531793,-75.0731795,,,,,,,,,,metal_construction,OpenStreetMap Enhanced,5678411998,node,2025-07-07T00:46:56.516404,"['titanium', 'aluminum']",[]
Camden Iron & Metal,2714 Mitchell Street,Camden,NJ,08105,US,,,,39.949347,-75.088149,scrap_yard,,,,,,,,scrap_yard,,OpenStreetMap Enhanced,5678558868,node,2025-07-07T00:46:56.516404,"['steel', 'aluminum']",[]
Essington Avenue Used Auto Parts,6770 Essington Avenue,Philadelphia,PA,19153,US,,,,39.9065755,-75.2196987,scrap_yard,,,,,,,,scrap_yard,,OpenStreetMap Enhanced,6875535969,node,2025-07-07T00:46:56.516404,['stainless_steel'],[]
Jim's Auto Recycling,6299 Passyunk Avenue,Philadelphia,PA,19153,US,,,,39.9175208,-75.215323,scrap_yard,,,,,,,,scrap_yard,,OpenStreetMap Enhanced,6875587096,node,2025-07-07T00:46:56.516404,[],[]
Big Head Auto Salvage,3511 South 61st Street,Philadelphia,PA,19153,US,,,,39.9192969,-75.2102533,scrap_yard,,,,,,,,scrap_yard,,OpenStreetMap Enhanced,6875686022,node,2025-07-07T00:46:56.516404,['aluminum'],[]
Philly Auto Salvage & Parts,3501 South 61st Street,Philadelphia,PA,19153,US,,,,39.919539,-75.2110109,scrap_yard,,,,,,,,scrap_yard,,OpenStreetMap Enhanced,6875686023,node,2025-07-07T00:46:56.516404,['aluminum'],[]
Delaware Valley Recycling,3107 South 61st Street,Philadelphia,PA,19153,US,,,,39.9223893,-75.2149504,recycling,,,centre,,,,,,,OpenStreetMap Enhanced,6875686031,node,2025-07-07T00:46:56.516404,['aluminum'],[]
City of Philadelphia Citizen Convenience Center for Recycling and Trash,,,,,US,,,,39.9828307,-75.0785329,recycling,,,,,,,,,,OpenStreetMap Enhanced,7359957091,node,2025-07-07T00:46:56.516404,"['titanium', 'nickel']",[]
Philadelphia Department of Streets Sanitation Division Torresdale Citizen Drop-off Site,,,,,US,,,,40.0362331,-75.0103635,recycling,,,centre,,,,,,,OpenStreetMap Enhanced,7435436234,node,2025-07-07T00:46:56.516404,"['titanium', 'aluminum', 'nickel']",[]
Temple Computer Recycling Center,,,,,US,,,,39.9805537,-75.1578082,recycling,,,centre,,,,,,,OpenStreetMap Enhanced,9169920856,node,2025-07-07T00:46:56.516404,[],[]
Salvation Army,,,,,US,,,,40.0335426,-75.2203953,recycling,Mo 11:00-18:00; Tu-Sa 10:00-19:00; Su off,,container,,,,,,,OpenStreetMap Enhanced,11401451356,node,2025-07-07T00:46:56.516404,[],[]
Philly Cash For Cars,4921 Cottman Avenue,Philadelphia,PA,19135,US,+1-215-791-2422,https://phillycashforcars.com,,40.0270296,-75.0324544,scrap_yard,,,,,,,,scrap_yard,,OpenStreetMap Enhanced,11548255570,node,2025-07-07T00:46:56.516404,[],[]
Liberty Waste & Recycling Inc.,,,,,US,,https://www.libwaste.com/,,39.9242135,-75.2156431,recycling,,"Need dependable Dumpster Rental or a full-service Recycling Company in New Jersey? Liberty Waste & Recycling delivers direct, hands-on solutions without the hassle of third-party brokers - meaning faster service, better pricing, and no hidden fees.",centre,,,,,,,OpenStreetMap Enhanced,12785508248,node,2025-07-07T00:46:56.516404,"['stainless_steel', 'titanium', 'aluminum', 'nickel']",[]
National Paper Recycling,,,,,US,,http://www.nationalpaperrecycling.com,,39.925635,-75.1243686,recycling,,paper recycling plant,,,,,,,,OpenStreetMap Enhanced,265962083,way,2025-07-07T00:46:56.516404,"['titanium', 'aluminum']",[]
SIMS Metal,,,,,US,,,,39.9449046,-75.0967442,recycling,,Buyer of all scrap metal,,,,,,,,OpenStreetMap Enhanced,365400264,way,2025-07-07T00:46:56.516404,['aluminum'],[]
Orthodox Auto,1999 Cooper Street,Camden,NJ,08105,US,,,,39.946166,-75.0957039,scrap_yard,,,,,,,,scrap_yard,,OpenStreetMap Enhanced,365401804,way,2025-07-07T00:46:56.516404,[],[]
KBI Recycling,1829 Tioga Street,Camden,NJ,08104,US,,,,39.9214738,-75.1067325,recycling,,,centre,,,,,,,OpenStreetMap Enhanced,591693161,way,2025-07-07T00:46:56.516404,[],[]
"V. Ponte & Sons, Inc.",1600 Mickle Street,Camden,NJ,08105,US,,,,39.9426579,-75.1005593,recycling,,,centre,,,,,,,OpenStreetMap Enhanced,593956869,way,2025-07-07T00:46:56.516404,[],[]
Clearfield Recycling,547 West Clearfield Street,Philadelphia,PA,19133,US,,,,39.9991279,-75.1403163,recycling,,,centre,,,,,,,OpenStreetMap Enhanced,601325284,way,2025-07-07T00:46:56.516404,[],[]
EMR Delco,3057 North 2nd Street,Philadelphia,PA,19133,US,,,,39.9969711,-75.1328277,recycling,,,centre,,,,,,,OpenStreetMap Enhanced,601865422,way,2025-07-07T00:46:56.516404,[],[]
State Metal Industries Inc,,,,,US,,http://www.statemetalindustries.com/,,39.9338363,-75.1280685,recycling,,aluminum product manufacturer and smelter from scrap metal,,,,,,,,OpenStreetMap Enhanced,808542242,way,2025-07-07T00:46:56.516404,['aluminum'],[]
Composting Site,,,,,US,,,,40.0638293,-75.2752847,recycling,,,dump,,,,,,,OpenStreetMap Enhanced,922985287,way,2025-07-07T00:46:56.516404,"['titanium', 'tin']",[]
Fox Foundry,,,,,US,,,,39.9761688,-75.1218343,,,,,,,,,,metal_construction,OpenStreetMap Enhanced,1105132615,way,2025-07-07T00:46:56.516404,"['titanium', 'aluminum']",[]
Synergy Towing,2210 West Westmoreland Street,Philadelphia,PA,19140,US,,,,40.0045715,-75.1665129,scrap_yard,,,,,,,,scrap_yard,,OpenStreetMap Enhanced,1143801274,way,2025-07-07T00:46:56.516404,[],[]
Massara Metal,131 West Broad Street,Palmyra,NJ,08065,US,+1-856-829-5096,https://www.metalunion.us/company-massara-metal-in-palmyra-nj-33677,,40.0029208,-75.0242973,,,,,,,,,,metal_construction,OpenStreetMap Enhanced,1289797713,way,2025-07-07T00:46:56.516404,"['stainless_steel', 'titanium', 'aluminum']",[]
Philly Scrap Metal,3246 South 61st Street,Philadelphia,PA,19153,US,,,,39.9199538,-75.2138523,scrap_yard,,,,,,,,scrap_yard,,OpenStreetMap Enhanced,1304542340,way,2025-07-07T00:46:56.516404,['aluminum'],[]
Pasco,7250 Paschall Avenue,Philadelphia,PA,19153,US,+1 215-365-3433,https://pascometalrecycling.com/,,39.9162893,-75.2442509,scrap_yard,,,,,,,,scrap_yard,,OpenStreetMap Enhanced,1354417975,way,2025-07-07T00:46:56.516404,[],[]
Key Food,,,,,US,,,,40.6905031,-73.9941033,recycling,,,machine,,,,,,,OpenStreetMap Enhanced,419366080,node,2025-07-07T00:47:10.001407,[],[]
S&S Creation,134 12th Street,,,11215,US,+1-718-965-6061,,,40.6698383,-73.99314,,,,,,,,,,metal_construction,OpenStreetMap Enhanced,2550101330,node,2025-07-07T00:47:10.001407,"['titanium', 'aluminum']",[]
Kings Highway Mall,1613 Kings Highway,,,11229,US,,,,40.6095223,-73.9570641,,,,,,,,,,metal_construction,OpenStreetMap Enhanced,2562969384,node,2025-07-07T00:47:10.001407,"['titanium', 'aluminum']",[]
Virgo Iron Works,568E Grand Avenue,,,11238,US,+1-718-623-6035,https://virgoironworks.org,,40.678489,-73.9622826,,,,,,,,,,metal_construction,OpenStreetMap Enhanced,2713490434,node,2025-07-07T00:47:10.001407,"['steel', 'titanium', 'aluminum']",[]
CTown,,,,,US,,,,40.8757814,-73.9085437,recycling,,,machine,,,,,,,OpenStreetMap Enhanced,2797795937,node,2025-07-07T00:47:10.001407,[],[]
Skyscraper Museum,39 Battery Place,New York,NY,10280,US,+1 2129681961,https://skyscraper.org/,,40.70575,-74.017691,,We-Sa 12:00-18:00,,,,,,yes,,,OpenStreetMap Enhanced,2808241058,node,2025-07-07T00:47:10.001407,[],[]
Gotham Metalworks,,,,,US,+1-718-852-7002,https://www.gothammetals.com/,,40.6812859,-74.0085758,,,,,,,,,,metal_construction,OpenStreetMap Enhanced,2827505145,node,2025-07-07T00:47:10.001407,"['titanium', 'aluminum']",[]
J&D Iron Works,55 Commerce Street,,,11231,US,+1-718-374-5070,,,40.6800762,-74.0073069,,,,,,,,,,metal_construction,OpenStreetMap Enhanced,2827518418,node,2025-07-07T00:47:10.001407,"['steel', 'titanium', 'aluminum']",[]
Hook Fabrication,72 Verona Street,,,11231,US,,,,40.6791956,-74.0084291,,,,,,,,,,metal_construction,OpenStreetMap Enhanced,2827518427,node,2025-07-07T00:47:10.001407,"['titanium', 'aluminum']",[]
Royal Metal Products,349 36th Street,,,11232,US,+1-718-369-0921,,,40.6549815,-74.0053045,,,,,,,,,,metal_construction,OpenStreetMap Enhanced,3154303890,node,2025-07-07T00:47:10.001407,"['titanium', 'aluminum']",[]
Vinnie's Ironworks,,,,,US,+1-718-875-1362,https://www.vinniesironworksny.com,,40.6871815,-73.9919751,,,,,,,,,,metal_construction,OpenStreetMap Enhanced,3613554782,node,2025-07-07T00:47:10.001407,"['steel', 'titanium', 'aluminum', 'nickel']",[]
El flecha,,,,,US,,,,40.8994295,-74.0556438,waste_disposal,,,,,,,,,,OpenStreetMap Enhanced,4940990421,node,2025-07-07T00:47:10.001407,[],[]
Empire City Iron Works,,,,,US,,,,40.7467945,-73.9510737,,,,,,,,,,metal_construction,OpenStreetMap Enhanced,4995779512,node,2025-07-07T00:47:10.001407,"['steel', 'titanium', 'aluminum']",[]
Precycle,,,,,US,,https://www.precycle.shop,,40.6797733,-73.9678862,greengrocer,Mo-Su 09:00-21:00,,,,,,,,,OpenStreetMap Enhanced,5589277122,node,2025-07-07T00:47:10.001407,[],[]
Excalibur Bronze Sculpture Foundry,309 Starr Street,,,,US,+1-718-366-3444,https://exnyfoundry.com/,Josh@EXNYFoundry.com,40.7077514,-73.9207813,,Mo-Th 08:00-16:30; Fr 08:00-13:30,,,,,,,,metal_construction,OpenStreetMap Enhanced,5633535325,node,2025-07-07T00:47:10.001407,"['titanium', 'aluminum', 'copper']",[]
Brooklyn Metal Works,,,,,US,,,,40.6802911,-73.9690829,,,,,,,,,,metal_construction,OpenStreetMap Enhanced,5837225129,node,2025-07-07T00:47:10.001407,"['titanium', 'aluminum']",[]
Kingdom Contracting,677 Woodward Avenue,,,,US,+1-718-497-1698,https://kingdomcontracting.net/,,40.7052598,-73.9060739,,,,,,,,,,metal_construction,OpenStreetMap Enhanced,5927673303,node,2025-07-07T00:47:10.001407,"['titanium', 'aluminum', 'tin']",[]
Oz Steel,236B 6th Street,,,11215,US,,,,40.6726871,-73.9886169,,,,,,,,,,metal_construction,OpenStreetMap Enhanced,5932291046,node,2025-07-07T00:47:10.002413,"['steel', 'titanium', 'aluminum']",[]
Atlantic Redemption Center,2420 Atlantic Avenue,,,,US,,,,40.6756675,-73.903935,recycling,,,,,,,,,,OpenStreetMap Enhanced,5980540503,node,2025-07-07T00:47:10.002413,['titanium'],[]
Bari Iron Works,35 Coffey Street,,,11231,US,+1-718-858-5666,,,40.6743839,-74.0116034,,,,,,,,,,metal_construction,OpenStreetMap Enhanced,6041671685,node,2025-07-07T00:47:10.002413,"['steel', 'titanium', 'aluminum']",[]
New Star Brass & Bronze Works,178 Stockholm Street,,,,US,+1-516-358-1153,https://railingsbynewstar.com/,info@railingsbynewstar.com,40.6996687,-73.9224199,,,,,,,,,,metal_construction,OpenStreetMap Enhanced,6128707690,node,2025-07-07T00:47:10.002413,"['stainless_steel', 'titanium', 'aluminum', 'brass']",[]
Moon Contractor Co,108 Bayard Street,,,10013,US,+1-212-571-0424,,,40.7162128,-73.9998645,,,,,,,,no,,metal_construction,OpenStreetMap Enhanced,6219132406,node,2025-07-07T00:47:10.002413,"['titanium', 'aluminum']",[]
HMH Iron Design,37B 9th Street,,,11215,US,+1-718-851-5870,https://hmhirondesign.com,,40.6743998,-73.9955872,,,,,,,,,,metal_construction,OpenStreetMap Enhanced,6326532957,node,2025-07-07T00:47:10.002413,"['steel', 'titanium', 'aluminum']",[]
FMJ Mini Center Recycle Corp,202 Hoyt Street,,,11201,US,,,,40.684296,-73.9894769,recycling,Mo 08:00-17:00; Tu 08:00-16:00; Th 08:00-17:00; Fr 08:00-15:00; Sa 09:00-17:00; Su 11:00-17:00,,centre,,,,,,,OpenStreetMap Enhanced,6341782748,node,2025-07-07T00:47:10.002413,['nickel'],[]
Serett Metal Works,37D 9th Street,,,11215,US,,,,40.6742349,-73.9952091,,,,,,,,,,metal_construction,OpenStreetMap Enhanced,6433148368,node,2025-07-07T00:47:10.002413,"['titanium', 'aluminum']",[]
All City Iron Works,,,,,US,+1-718-368-6151,,,40.6772619,-73.9871045,,,,,,,,,,metal_construction,OpenStreetMap Enhanced,6446540514,node,2025-07-07T00:47:10.002413,"['steel', 'titanium', 'aluminum']",[]
Hudson River Park Trust,,,,,US,,,,40.7560397,-74.0060611,recycling,,,container,,,,,,,OpenStreetMap Enhanced,6575692623,node,2025-07-07T00:47:10.002413,[],[]
Paracha Brothers-Tire Waste Management,489 Frelinghuysen Avenue,Newark,NJ,07114,US,+1-973-645-1400,https://tirewastemanagement.com/,,40.7041497,-74.1948335,scrap_yard,Mo-Fr 07:30-18:00; Sa 12:00-16:00; Su 12:00-19:30,,,,,,,scrap_yard,,OpenStreetMap Enhanced,6674361857,node,2025-07-07T00:47:10.002413,['titanium'],[]
Cameo Metal Products,,,,,US,+1-718-788-1106,https://www.cameometal.com,,40.6701582,-73.9933324,,,,,,,,,,metal_construction,OpenStreetMap Enhanced,6803530627,node,2025-07-07T00:47:10.002413,"['titanium', 'aluminum']",[]
A & C Stainless Steel,,,,,US,+1-347-987-3442,https://www.ancstainless.com,,40.6601329,-74.0011021,,,,,,,,,,metal_construction,OpenStreetMap Enhanced,7070066917,node,2025-07-07T00:47:10.002413,"['steel', 'stainless_steel', 'titanium', 'aluminum']",[]
Ricardo's Iron Work,,,,,US,+1-718-499-1153,,,40.682152,-73.9879264,,,,,,,,,,metal_construction,OpenStreetMap Enhanced,7143219862,node,2025-07-07T00:47:10.002413,"['steel', 'titanium', 'aluminum']",[]
The Environmental Recycling,580 Degraw Street,,,11217,US,,,,40.6797836,-73.9853802,recycling,,,centre,,,,,,,OpenStreetMap Enhanced,8091465400,node,2025-07-07T00:47:10.002413,"['steel', 'aluminum']",[]
IKEA,,,,,US,,,,40.671953,-74.0110369,recycling,,,container,,,,,,,OpenStreetMap Enhanced,8138280545,node,2025-07-07T00:47:10.002413,[],[]
Foodtown,,,,,US,,,,40.6771322,-73.9692313,recycling,,,machine,,,,,,,OpenStreetMap Enhanced,8140308358,node,2025-07-07T00:47:10.002413,[],[]
J & A Iron Work,,,,,US,+1-718-218-8999,,,40.6569746,-74.0025116,,,,,,,,,,metal_construction,OpenStreetMap Enhanced,8303908032,node,2025-07-07T00:47:10.002413,"['steel', 'titanium', 'aluminum']",[]
Wegmans,,,,,US,,,,40.7000722,-73.9799159,recycling,,,machine,,,,,,,OpenStreetMap Enhanced,8607572379,node,2025-07-07T00:47:10.002413,[],[]
Ideal Food Basket,,,,,US,,,,40.6762802,-73.9636202,recycling,,,machine,,,,,,,OpenStreetMap Enhanced,8709980903,node,2025-07-07T00:47:10.002413,[],[]
C.C.W. Mechanical,,,,,US,+1-718-633-0594,https://www.ccwsheetmetal.com,,40.6523535,-73.9807126,,,,,,,,,,metal_construction,OpenStreetMap Enhanced,8857918781,node,2025-07-07T00:47:10.002413,"['titanium', 'aluminum', 'nickel']",[]
International Welding Corp,,,,,US,+1-347-235-7035,,,40.6458221,-73.9843214,,,,,,,,,,metal_construction,OpenStreetMap Enhanced,9448468468,node,2025-07-07T00:47:10.002413,"['titanium', 'aluminum']",[]
J & L Stainless & Iron Work,725 39th Street,,,11232,US,+1-646-673-5673,,,40.6482679,-73.9986941,,,,,,,,,,metal_construction,OpenStreetMap Enhanced,9750252961,node,2025-07-07T00:47:10.002413,"['steel', 'stainless_steel', 'titanium', 'aluminum']",[]
Double Seven Iron Work,259 58th Street,,,11220,US,,,,40.6438292,-74.0200515,,,,,,,,,,metal_construction,OpenStreetMap Enhanced,9805118642,node,2025-07-07T00:47:10.002413,"['steel', 'titanium', 'aluminum']",[]
DSNY,,,,,US,,https://smartcompost.nyc/,,40.7666146,-73.9259439,recycling,,,container,,,,,,,OpenStreetMap Enhanced,10108665035,node,2025-07-07T00:47:10.002413,[],[]
AJ Iron Work,,,,,US,+1-718-237-2642,,,40.6814727,-73.98348,,,,,,,,,,metal_construction,OpenStreetMap Enhanced,10128431419,node,2025-07-07T00:47:10.002413,"['steel', 'titanium', 'aluminum']",[]
All bright metal finishing,760 Ramsey Avenue,,,07205,US,(908) 206-9411,https://www.allbrightmetal.com/,allbrightmetalfinishing@msn.com,40.7095849,-74.2353385,car,"Su,Sa 07:00-15:00; Mo-Fr 09:00-18:00",,,,,,,,,OpenStreetMap Enhanced,10934284307,node,2025-07-07T00:47:10.002413,"['aluminum', 'nickel']",[]
OGS Recycling,1383 Jefferson Ave,Brooklyn,NY,11237,US,,,,40.6947358,-73.9100218,recycling,,,container,,,,,,,OpenStreetMap Enhanced,11242054496,node,2025-07-07T00:47:10.002413,[],[]
"Junk Cars,Cash for Junk car,Junk Trucks",,,,,US,,,,40.6690429,-74.2623097,scrap_yard,,,,,,,,scrap_yard,,OpenStreetMap Enhanced,11343990213,node,2025-07-07T00:47:10.002413,[],[]
Lincoln Square Business  Improvement District,,,,,US,,https://www.nyc.gov/site/dsny/collection/containerization/clean-curbs-for-bids.page,,40.7711944,-73.9869193,waste_disposal,,,,,,,,,,OpenStreetMap Enhanced,11546647626,node,2025-07-07T00:47:10.002413,[],[]
Y & L Stainless Steel,,,,,US,+1-917-355-2211,,,40.6552088,-74.0061166,,,,,,,,,,metal_construction,OpenStreetMap Enhanced,11753614455,node,2025-07-07T00:47:10.002413,"['steel', 'stainless_steel', 'titanium', 'aluminum']",[]
metal,,,,,US,,,,40.8230043,-73.9560304,,,,,,,,yes,,,OpenStreetMap Enhanced,11880291230,node,2025-07-07T00:47:10.002413,['aluminum'],[]
NYC Department of Sanitation,,,,,US,,,,40.7987744,-73.9657134,waste_disposal,,marked to take trash,,,,,,,,OpenStreetMap Enhanced,11888910123,node,2025-07-07T00:47:10.002413,[],[]
Jersey City PSOA,,,,,US,,,,40.7357219,-74.0460692,recycling,,,container,,,,,,,OpenStreetMap Enhanced,11968294417,node,2025-07-07T00:47:10.002413,[],[]
Hoboken PBA #2,,,,,US,,,,40.7366342,-74.0368006,recycling,,,container,,,,,,,OpenStreetMap Enhanced,11968294418,node,2025-07-07T00:47:10.002413,[],[]
Ace Auto Salvage,,,,,US,,,,40.6350009,-74.1274213,scrap_yard,,,,,,,,scrap_yard,,OpenStreetMap Enhanced,12093577794,node,2025-07-07T00:47:10.002413,['aluminum'],[]
New York City Department of Sanitation,,,,,US,,,,40.7711887,-73.9872207,recycling,24/7,,container,,,,,,,OpenStreetMap Enhanced,12363573335,node,2025-07-07T00:47:10.002413,[],[]
Hugo Neu Schnitzer,,,,,US,,,,40.7371057,-73.9431607,scrap_yard,,,,,,,,scrap_yard,,OpenStreetMap Enhanced,12381736856,node,2025-07-07T00:47:10.002413,['nickel'],[]
LPTSK,,,,,US,,https://www.lpstk.org,,40.7117604,-74.0582204,recycling,,,container,,,,,,,OpenStreetMap Enhanced,12424789342,node,2025-07-07T00:47:10.002413,[],[]
All American Alloys & Recycling,200 South 1st Street,Elizabeth,NJ,07206,US,+1 908-289-1005,https://allamericanalloy.com/,,40.6446124,-74.1932878,recycling,Mo-Fr 06:00-16:00; Sa 06:00-12:00; Su off,,centre,,,,,,,OpenStreetMap Enhanced,12548896517,node,2025-07-07T00:47:10.002413,['aluminum'],[]
unknown,,,,,US,,,,40.6007159,-74.1517517,recycling,24/7,,container,,,,,,,OpenStreetMap Enhanced,12776825953,node,2025-07-07T00:47:10.002413,[],[]
Food Bazaar,,,,,US,,,,40.6746718,-74.0172008,recycling,08:00-21:30,,machine,,,,yes,,,OpenStreetMap Enhanced,12925042238,node,2025-07-07T00:47:10.002413,[],[]
Kendi Iron Works,,,,,US,+1-718-821-2722,https://www.kendimfg.com,,40.7068642,-73.9392997,,,,,,,,,,metal_construction,OpenStreetMap Enhanced,12960288288,node,2025-07-07T00:47:10.002413,"['steel', 'titanium', 'aluminum']",[]
Economy Stainless Supply Company,,,,,US,,,,40.7034055,-73.934228,,,,,,,,,,metal_construction,OpenStreetMap Enhanced,12977783149,node,2025-07-07T00:47:10.002413,"['stainless_steel', 'titanium', 'aluminum']",[]
Cranford Reclamation Center,,,,,US,,,,40.6680206,-74.2894328,recycling,,,centre,,,,,,,OpenStreetMap Enhanced,181961694,way,2025-07-07T00:47:10.003412,['titanium'],[]
Square Design,283 4th Avenue,,,11215,US,+1 718 522 7576,https://www.squaredesigninc.com,,40.674708,-73.9843082,,,,,,,,,,metal_construction,OpenStreetMap Enhanced,241843204,way,2025-07-07T00:47:10.003412,"['titanium', 'aluminum']",[]
A&D Iron Works,305 24th Street,,,11232,US,+1-718-492-4330,,,40.6602301,-73.9956409,,,,,,,,,,metal_construction,OpenStreetMap Enhanced,247930722,way,2025-07-07T00:47:10.003412,"['steel', 'titanium', 'aluminum']",[]
Flosco Iron Works,67 Sackett Street,,,11231,US,+1-917-566-2799,,,40.6857554,-74.0044909,,,,,,,,,,metal_construction,OpenStreetMap Enhanced,248152523,way,2025-07-07T00:47:10.003412,"['steel', 'titanium', 'aluminum']",[]
Iron Works Pilatasig,71 Sackett Street,,,11231,US,+1-347-227-8047,http://ironworkspilatasig.com,,40.6857304,-74.0044007,,,,,,,,,,metal_construction,OpenStreetMap Enhanced,248152689,way,2025-07-07T00:47:10.003412,"['steel', 'titanium', 'aluminum']",[]
Workspace 11,110 5th Street,,,11215,US,+1-347-725-3696,https://www.workspace11.com,,40.6753992,-73.9927483,,,,,,,,,,metal_construction,OpenStreetMap Enhanced,248167180,way,2025-07-07T00:47:10.003412,"['titanium', 'aluminum']",[]
Gabriel's Iron Works,177 9th Street,,,11215,US,+1-718-499-4077,,,40.6718292,-73.9912506,,,,,,,,,,metal_construction,OpenStreetMap Enhanced,248167215,way,2025-07-07T00:47:10.003412,"['steel', 'titanium', 'aluminum']",[]
Linda Tool,,,,,US,+1-718-522-2066,https://www.lindatool.com,,40.6738901,-74.0111203,,,,,,,,,,metal_construction,OpenStreetMap Enhanced,248168843,way,2025-07-07T00:47:10.003412,"['titanium', 'aluminum']",[]
A&B Iron Works,142 Conover Street,,,11231,US,+1-646-578-3627,http://ironworksny.com,,40.6792866,-74.0132145,,,,,,,,,,metal_construction,OpenStreetMap Enhanced,248169042,way,2025-07-07T00:47:10.003412,"['steel', 'titanium', 'aluminum']",[]
HJ Glass & Aluminum,136 12th Street,,,11215,US,,,,40.6696949,-73.9931473,,,,,,,,,,metal_construction,OpenStreetMap Enhanced,248171233,way,2025-07-07T00:47:10.003412,"['stainless_steel', 'titanium', 'aluminum']",[]
United Steel & Iron,194 10th Street,,,11215,US,+1-718-230-0305,,,40.6709004,-73.9921406,,,,,,,,,,metal_construction,OpenStreetMap Enhanced,248171290,way,2025-07-07T00:47:10.003412,"['steel', 'titanium', 'aluminum', 'nickel']",[]
H & L Iron and Steel,141 21st Street,,,11232,US,+1-718-369-2825,,,40.6636211,-73.9967229,,,,,,,,,,metal_construction,OpenStreetMap Enhanced,248240988,way,2025-07-07T00:47:10.003412,"['steel', 'titanium', 'aluminum']",[]
D&I Custom Architectural Metals,204 24th Street,,,11232,US,,,,40.661618,-73.9988163,,,,,,,,,,metal_construction,OpenStreetMap Enhanced,248241136,way,2025-07-07T00:47:10.003412,"['titanium', 'aluminum', 'copper']",[]
Pro Metal Construction,549 63rd Street,,,11220,US,+1-718-439-8500,,,40.6371618,-74.0164411,,,,,,,,,,metal_construction,OpenStreetMap Enhanced,249579806,way,2025-07-07T00:47:10.003412,"['titanium', 'aluminum']",[]
Sunset Redemption Center,4802 3rd Avenue,,,11220,US,+1-631-319-4037,,,40.6488841,-74.013974,recycling,Mo-Sa 08:00-17:00,,centre,,,,,,,OpenStreetMap Enhanced,249592314,way,2025-07-07T00:47:10.003412,['titanium'],[]
Quality Stainless Steel,218 39th Street,,,11232,US,+1-718-748-1785,http://www.qualitystainlesssteel.com,,40.6547384,-74.0101248,,,,,,,,,,metal_construction,OpenStreetMap Enhanced,249605243,way,2025-07-07T00:47:10.003412,"['steel', 'stainless_steel', 'titanium', 'aluminum']",[]
Wide Flange Incorporated,176 27th Street,,,11232,US,+1-718-492-8705,,,40.6596413,-74.0001205,,,,,,,,,,metal_construction,OpenStreetMap Enhanced,249606340,way,2025-07-07T00:47:10.003412,"['titanium', 'aluminum']",[]
Evro Aluminum,183 26th Street,,,11232,US,+1-718-832-4930,,,40.6604011,-73.9989351,,,,,,,,,,metal_construction,OpenStreetMap Enhanced,249606606,way,2025-07-07T00:47:10.003412,"['titanium', 'aluminum']",[]
Top Aluminum,757 3rd Avenue,,,11232,US,+1-718-676-3079,,,40.6612221,-73.9997369,,,,,,,,,,metal_construction,OpenStreetMap Enhanced,249606610,way,2025-07-07T00:47:10.003412,"['titanium', 'aluminum']",[]
Five Star Iron Work,412 39th Street,,,11232,US,+1-917-528-8905,,,40.6521644,-74.0058614,,,,,,,,,,metal_construction,OpenStreetMap Enhanced,249606733,way,2025-07-07T00:47:10.003412,"['steel', 'titanium', 'aluminum']",[]
Excalibur Bronze Studio,218 31st Street,,,11232,US,+1-917-966-6090,https://exnyfoundry.com,,40.6558266,-73.999718,,,,,,,,,,metal_construction,OpenStreetMap Enhanced,249621942,way,2025-07-07T00:47:10.003412,"['titanium', 'aluminum']",[]
S & J Supply,70 Grand Avenue,,,11205,US,+1-718-384-0800,https://sjsupply.com,,40.6953625,-73.9646984,,,,,,,,,,metal_construction,OpenStreetMap Enhanced,250352423,way,2025-07-07T00:47:10.003412,"['titanium', 'aluminum']",[]
All Ironworks,95 Coles Street,Jersey City,,07302,US,+1 201 3203759,http://allironworksnj.com/,,40.7252896,-74.0474614,,,,,,,,,,metal_construction,OpenStreetMap Enhanced,265733365,way,2025-07-07T00:47:10.003412,"['steel', 'titanium', 'aluminum']",[]
Woodland Park Recycling Center,,,,,US,,,,40.8936239,-74.2010545,recycling,,,,,,,,,,OpenStreetMap Enhanced,275087148,way,2025-07-07T00:47:10.003412,[],[]
SilverStone Sheet Metal,68 Huntington Street,,,11231,US,+1-718-422-0380,,,40.6769249,-74.0036998,,,,,,,,,,metal_construction,OpenStreetMap Enhanced,278387484,way,2025-07-07T00:47:10.003412,"['titanium', 'aluminum', 'precious_metals']",[]
Cooper Recycling,123 Varick Avenue,,,11237,US,,,,40.7099713,-73.9288279,recycling,,,centre,,,,,,,OpenStreetMap Enhanced,279781171,way,2025-07-07T00:47:10.003412,[],[]
B&B Sheet Metal,,,,,US,,,,40.7403958,-73.9432202,,,,,,,,,,metal_construction,OpenStreetMap Enhanced,280627917,way,2025-07-07T00:47:10.003412,"['titanium', 'aluminum']",[]
Clifton Recycling Center,,,,,US,,,,40.8671861,-74.1618677,recycling,,,centre,,,,,,,OpenStreetMap Enhanced,468787770,way,2025-07-07T00:47:10.003412,[],[]
New Project,223 25th Street,,,11232,US,+1-718-788-3444,https://www.newproject.cc,,40.6601169,-73.9967038,,,,,,,,,,metal_construction,OpenStreetMap Enhanced,738335593,way,2025-07-07T00:47:10.003412,"['titanium', 'aluminum']",[]
Naporano Iron & Metal Co.,,,,,US,,,,40.7251385,-74.1369521,recycling,,,centre,,,,,,,OpenStreetMap Enhanced,755702825,way,2025-07-07T00:47:10.003412,"['steel', 'aluminum']",[]
Erie Basin Auto Pound,700 Columbia Street,Brooklyn,NY,11231,US,,,,40.6681675,-74.0177292,scrap_yard,,,,,,,,scrap_yard,,OpenStreetMap Enhanced,842434370,way,2025-07-07T00:47:10.003412,[],[]
C & A Iron Works,65 13th Street,,,11215,US,+1-718-435-4777,,,40.6707471,-73.995993,,,,,,,,,,metal_construction,OpenStreetMap Enhanced,881704530,way,2025-07-07T00:47:10.003412,"['steel', 'titanium', 'aluminum']",[]
Be Jay's Ornamental Iron Works,537 Grand Avenue,,,11238,US,+1-646-752-3559,,,40.6790816,-73.9615859,tyres,,,,,,,,,metal_construction,OpenStreetMap Enhanced,940016742,way,2025-07-07T00:47:10.003412,"['steel', 'titanium', 'aluminum']",[]
Hunters Point Recycling,29-55 Hunters Point,Long Island City,NY,11101,US,,,,40.740931,-73.9390233,recycling,Mo-Fr 06:00-16:30; Sa 06:00-04:30,,centre,,,,,,,OpenStreetMap Enhanced,967387747,way,2025-07-07T00:47:10.003412,[],[]
Township of Cedar Grove,,,,,US,,,,40.8635939,-74.2258013,recycling,,,centre,,,,,,,OpenStreetMap Enhanced,1094351281,way,2025-07-07T00:47:10.003412,[],[]
Architectural Grille,42 2nd Avenue,,,11215,US,+1-718-832-1200,https://www.archgrille.com,,40.6746752,-73.9937538,,,,,,,,,,metal_construction,OpenStreetMap Enhanced,1159044549,way,2025-07-07T00:47:10.003412,"['titanium', 'aluminum']",[]
Verona Recycling Center,,,,,US,,https://www.veronanj.org/garbagecollection,,40.8435309,-74.2342139,recycling,"We, Sa 08:00-15:00",,centre,,,,,,,OpenStreetMap Enhanced,1165521332,way,2025-07-07T00:47:10.003412,[],[]
Community Compost Center,,,,,US,,https://hudsonriverpark.org/the-park/sustainability/community-compost-program/,,40.7558796,-74.006305,recycling,,,centre,,,,,,,OpenStreetMap Enhanced,1234764611,way,2025-07-07T00:47:10.003412,['nickel'],[]
86th Street Compost Compound,,,,,US,,,,40.7957155,-73.9776542,recycling,,,centre,,,,,,,OpenStreetMap Enhanced,1235906991,way,2025-07-07T00:47:10.003412,[],[]
NYC Department of Parks and Recreation,,,,,US,,,,40.7957291,-73.9775066,recycling,,,container,,,,,,,OpenStreetMap Enhanced,1235907510,way,2025-07-07T00:47:10.003412,[],[]
D & M sheet metal,,,,,US,+12019396300,,,40.8391245,-74.104648,,,,,,,,,,metal_construction,OpenStreetMap Enhanced,1237221212,way,2025-07-07T00:47:10.003412,"['titanium', 'aluminum']",[]
Planet Aid,,,,,US,,,,40.6975724,-73.9330351,recycling,,,container,,,,,,,OpenStreetMap Enhanced,1296161080,way,2025-07-07T00:47:10.003412,[],[]
Sure We Can,219 McKibbin Street,Brooklyn,NY,11206,US,+1 347-463-9257,https://www.surewecan.org,info@surewecan.org,40.70569,-73.9388575,recycling,Mo-Fr 07:30-17:00; Sa 07:30-13:00; PH off,,centre,,,,yes,,,OpenStreetMap Enhanced,1355181614,way,2025-07-07T00:47:10.003412,[],[]
Llewellyn Park Recycling Center,,,,,US,,,,40.7801746,-74.2392351,recycling,,,centre,,,,,,,OpenStreetMap Enhanced,1368775031,way,2025-07-07T00:47:10.003412,[],[]
